,Income,NumWebVisitsMonth,CustomerAge,Children,MntTotalProducts,NumTotalPurchases,Education_Graduation,Education_PostGraduation,Education_UnderGraduation,Marital_Status_Married,Dclust
0,58138.0,7,66,0,1269,21,1,0,0,0,0
1,46344.0,5,69,2,18,4,1,0,0,0,0
2,71613.0,4,58,0,602,11,1,0,0,1,0
3,26646.0,6,39,1,35,4,1,0,0,1,0
4,58293.0,5,42,1,334,13,0,1,0,1,0
5,62513.0,6,56,1,660,12,0,1,0,1,0
6,55635.0,6,52,1,464,14,1,0,0,0,0
7,33454.0,8,38,1,142,6,0,1,0,1,0
8,30351.0,9,49,1,38,4,0,1,0,1,0
9,7500.0,8,47,0,33,3,0,0,1,1,1
10,63033.0,2,64,0,735,8,1,0,0,0,0
11,59354.0,6,71,2,288,10,0,1,0,0,0
12,17323.0,8,36,0,34,2,1,0,0,1,0
13,82800.0,3,77,0,1143,14,0,1,0,0,0
14,41850.0,8,43,2,77,6,1,0,0,1,0
15,37760.0,7,77,0,127,7,1,0,0,1,0
16,76995.0,5,74,1,1590,17,0,1,0,1,0
17,33812.0,6,38,1,40,5,0,0,1,0,1
18,37040.0,8,41,0,161,7,1,0,0,1,0
19,58607.0,8,74,1,953,8,0,1,0,1,0
20,65324.0,4,69,1,486,11,0,1,0,1,0
21,40689.0,8,72,1,300,15,1,0,0,1,0
22,18589.0,7,54,0,35,5,1,0,0,0,0
23,53359.0,7,47,2,207,10,1,0,0,1,0
24,38360.0,3,34,1,80,5,1,0,0,1,0
25,84618.0,2,58,0,1585,16,0,1,0,1,0
26,10979.0,5,34,0,22,5,0,1,0,0,0
27,38620.0,3,60,0,173,8,0,1,0,1,0
28,40548.0,5,53,1,115,5,1,0,0,1,0
29,46610.0,6,71,2,204,11,0,1,0,0,0
30,68657.0,7,77,0,987,9,0,1,0,1,0
31,49389.0,7,72,2,59,3,0,1,0,0,0
32,67353.0,2,53,1,870,16,0,1,0,1,0
33,23718.0,7,47,1,23,7,0,0,1,1,1
34,42429.0,5,50,1,61,4,1,0,0,0,0
35,48948.0,6,80,0,651,19,0,1,0,0,0
36,80011.0,4,43,1,1033,16,1,0,0,1,0
37,20559.0,8,38,1,43,4,0,1,0,1,0
38,21994.0,5,66,1,15,1,1,0,0,1,0
39,7500.0,5,48,1,14,5,0,1,0,1,0
40,79941.0,1,47,0,553,7,1,0,0,0,0
41,7500.0,9,27,0,35,7,0,0,1,1,1
42,41728.0,10,55,1,34,3,1,0,0,1,0
43,72550.0,8,69,2,1193,16,0,1,0,1,0
44,65486.0,2,66,1,389,7,1,0,0,0,0
45,79143.0,3,59,0,1467,16,0,1,0,1,0
46,35790.0,7,46,1,38,4,1,0,0,0,0
47,82582.0,1,46,0,1180,14,1,0,0,0,0
48,66373.0,3,45,2,461,13,1,0,0,1,0
49,82384.0,1,68,0,1467,14,0,1,0,1,0
50,70287.0,3,57,0,812,11,1,0,0,0,0
51,27938.0,3,35,1,21,2,1,0,0,0,0
52,55954.0,7,55,1,475,13,0,1,0,1,0
53,75777.0,1,41,0,1276,10,0,1,0,0,0
54,66653.0,3,48,2,572,10,1,0,0,1,0
55,61823.0,7,71,1,664,14,1,0,0,0,0
56,67680.0,5,72,1,594,11,0,1,0,0,0
57,70666.0,4,75,0,805,12,1,0,0,1,0
58,25721.0,7,52,1,10,3,1,0,0,1,0
59,32474.0,7,56,2,11,2,1,0,0,1,0
60,88194.0,5,44,1,1011,22,0,0,1,0,1
61,69096.0,4,65,1,455,8,1,0,0,1,0
62,74854.0,5,53,3,1402,14,1,0,0,1,0
63,66991.0,3,69,0,992,15,0,1,0,1,0
64,65031.0,7,64,1,656,17,1,0,0,1,0
65,60631.0,7,48,2,636,16,0,1,0,1,0
66,28332.0,2,71,0,37,4,1,0,0,1,0
67,40246.0,6,46,1,9,2,1,0,0,0,0
68,75251.0,5,51,0,1757,14,0,1,0,1,0
69,75825.0,4,47,0,1916,13,1,0,0,0,0
70,26326.0,3,47,0,6,1,0,0,1,1,1
71,56046.0,8,58,0,641,13,1,0,0,1,0
72,29760.0,8,38,1,136,8,1,0,0,0,0
73,26304.0,7,54,1,10,2,1,0,0,1,0
74,23559.0,7,50,1,49,6,0,0,1,1,1
75,38620.0,3,60,0,173,8,0,1,0,1,0
76,81361.0,1,36,0,610,14,1,0,0,0,0
77,29440.0,7,63,2,39,3,1,0,0,1,0
78,36138.0,7,53,2,146,9,0,1,0,1,0
79,50388.0,7,66,1,335,11,1,0,0,0,0
80,79593.0,2,50,0,978,12,1,0,0,1,0
81,54178.0,2,56,1,183,5,1,0,0,1,0
82,42394.0,7,51,1,27,2,0,1,0,0,0
83,23626.0,5,53,1,43,7,0,1,0,1,0
84,30096.0,6,40,1,19,3,1,0,0,1,0
85,47916.0,6,63,1,531,16,1,0,0,0,0
86,51813.0,7,51,2,60,4,1,0,0,0,0
87,78497.0,2,72,0,680,13,0,0,1,1,1
88,50150.0,5,40,0,273,9,0,1,0,1,0
89,47823.0,8,63,1,59,4,0,0,1,0,1
90,34554.0,6,64,1,48,4,0,1,0,0,0
91,85693.0,5,44,1,741,16,1,0,0,1,0
92,65846.0,4,78,0,919,10,0,1,0,1,0
93,87195.0,1,64,0,983,15,1,0,0,1,0
94,24594.0,5,44,1,10,2,0,0,1,1,1
95,49096.0,7,59,2,177,9,1,0,0,1,0
96,52413.0,6,54,2,672,14,1,0,0,1,0
97,38557.0,7,45,1,110,6,1,0,0,0,0
98,89058.0,2,63,0,754,10,0,1,0,1,0
99,77298.0,3,44,1,832,13,1,0,0,1,0
100,68126.0,9,32,0,1660,12,0,1,0,0,0
101,57288.0,6,60,1,548,12,0,1,0,1,0
102,86037.0,3,32,0,659,14,1,0,0,0,0
103,43974.0,7,43,1,479,15,0,1,0,1,0
104,50785.0,6,61,2,86,5,1,0,0,0,0
105,90765.0,1,53,0,1458,10,1,0,0,1,0
106,36550.0,9,45,1,231,15,0,0,1,1,1
107,30753.0,5,56,2,42,4,0,0,1,1,1
108,21918.0,6,54,1,14,4,1,0,0,1,0
109,56129.0,4,70,1,501,12,0,1,0,1,0
110,32557.0,5,56,1,66,6,0,1,0,0,0
111,19510.0,7,38,2,16,3,0,1,0,1,0
112,30992.0,7,47,1,31,2,1,0,0,0,0
113,101970.0,2,40,0,851,14,1,0,0,0,0
114,71488.0,1,58,0,319,9,0,0,1,1,1
115,79607.0,1,39,0,1534,10,1,0,0,0,0
116,54348.0,6,70,2,86,4,0,1,0,1,0
117,77376.0,4,67,2,621,13,0,1,0,1,0
118,62998.0,5,71,1,251,14,1,0,0,1,0
119,61331.0,8,65,2,586,17,0,1,0,0,0
120,73448.0,4,54,0,531,10,1,0,0,1,0
121,41551.0,8,59,2,253,11,0,1,0,1,0
122,62981.0,3,56,0,1400,10,0,1,0,1,0
123,9548.0,8,47,1,4,3,0,0,1,0,1
124,33762.0,8,64,3,88,7,0,1,0,1,0
125,35860.0,5,50,2,23,4,0,1,0,0,0
126,36921.0,7,58,2,30,4,0,1,0,0,0
127,92859.0,2,31,0,1944,10,0,1,0,0,0
128,65104.0,7,47,1,970,10,0,1,0,1,0
129,86111.0,2,61,0,1183,13,1,0,0,1,0
130,68352.0,6,49,1,762,16,0,1,0,0,0
131,41883.0,7,35,1,107,9,1,0,0,1,0
132,59809.0,8,47,2,755,9,1,0,0,1,0
133,23957.0,6,48,1,21,3,1,0,0,1,0
134,38547.0,8,42,1,17,2,1,0,0,1,0
135,35688.0,8,50,3,166,12,0,0,1,1,1
136,49605.0,3,57,0,87,4,0,1,0,1,0
137,59354.0,3,70,2,394,9,0,1,0,1,0
138,65747.0,6,54,1,411,13,1,0,0,1,0
139,46344.0,7,51,1,310,12,0,0,1,1,1
140,34176.0,6,35,1,36,7,1,0,0,0,0
141,61010.0,5,71,1,945,15,0,1,0,1,0
142,69372.0,4,74,0,1292,15,1,0,0,1,0
143,49967.0,7,65,1,287,10,1,0,0,0,0
144,60199.0,4,45,3,16,1,1,0,0,0,0
145,55375.0,2,46,1,110,3,1,0,0,1,0
146,80317.0,1,68,0,934,8,1,0,0,0,0
147,30523.0,7,65,3,8,2,0,1,0,0,0
148,70356.0,6,78,0,1614,18,0,1,0,1,0
149,23228.0,8,39,1,105,7,1,0,0,1,0
150,74165.0,2,48,0,1253,10,0,1,0,0,0
151,43482.0,6,57,3,51,5,1,0,0,1,0
152,62551.0,3,70,0,239,14,1,0,0,0,0
153,52332.0,4,64,0,250,6,1,0,0,0,0
154,66951.0,1,35,0,744,8,1,0,0,0,0
155,26091.0,5,66,2,44,6,1,0,0,1,0
156,33456.0,7,58,2,20,3,1,0,0,1,0
157,28718.0,8,41,1,22,4,1,0,0,1,0
158,50447.0,6,53,2,116,5,1,0,0,1,0
159,53537.0,5,64,2,87,5,0,1,0,1,0
160,52074.0,4,56,1,71,5,1,0,0,0,0
161,80427.0,5,48,1,1669,20,0,1,0,1,0
162,83837.0,4,75,0,1032,20,0,1,0,1,0
163,38853.0,7,53,2,43,4,0,1,0,1,0
164,38285.0,2,64,3,7,1,1,0,0,1,0
165,78497.0,2,72,0,680,13,0,0,1,1,1
166,51650.0,5,47,1,177,6,0,1,0,1,0
167,16248.0,6,35,1,33,6,0,0,1,1,1
168,66835.0,2,77,0,841,11,0,1,0,1,0
169,30477.0,6,39,1,54,3,0,1,0,1,0
170,28249.0,6,62,0,17,3,0,0,1,1,1
171,25271.0,9,40,1,29,3,1,0,0,1,0
172,32303.0,5,53,1,37,3,0,1,0,0,0
173,61286.0,5,57,1,463,10,1,0,0,1,0
174,74068.0,2,47,0,1350,15,1,0,0,1,0
175,45759.0,7,59,2,61,4,0,1,0,1,0
176,24882.0,6,45,1,15,3,0,0,1,1,1
177,66973.0,3,34,0,920,16,0,1,0,1,0
178,38872.0,8,35,1,47,5,1,0,0,1,0
179,51148.0,6,50,2,286,10,1,0,0,1,0
180,31353.0,8,46,2,20,4,1,0,0,1,0
181,69661.0,3,43,0,778,11,0,1,0,1,0
182,80067.0,2,69,0,1349,11,1,0,0,1,0
183,86718.0,2,69,0,1015,12,1,0,0,1,0
184,46854.0,8,50,2,176,12,0,1,0,0,0
185,69142.0,5,71,1,486,12,1,0,0,0,0
186,75922.0,1,55,0,956,9,1,0,0,0,0
187,63693.0,6,45,1,967,20,1,0,0,0,0
188,102160.0,4,46,0,930,16,0,1,0,1,0
189,40637.0,7,58,2,35,3,0,1,0,0,0
190,18890.0,6,39,0,11,2,0,1,0,0,0
191,29604.0,9,35,1,26,2,1,0,0,1,0
192,48721.0,6,60,2,212,12,0,1,0,0,0
193,44794.0,6,57,1,61,3,1,0,0,1,0
194,64497.0,8,69,1,1538,20,1,0,0,0,0
195,46097.0,4,67,1,164,9,1,0,0,1,0
196,77972.0,1,69,0,954,11,1,0,0,1,0
197,44377.0,8,55,2,254,14,0,1,0,1,0
198,46014.0,7,49,2,469,18,0,1,0,1,0
199,70951.0,1,38,0,803,8,1,0,0,1,0
200,41443.0,8,46,1,349,15,1,0,0,1,0
201,52195.0,8,45,3,16,2,0,0,1,0,1
202,83790.0,3,75,0,1509,19,0,1,0,1,0
203,44551.0,7,69,1,219,7,0,1,0,0,0
204,69508.0,6,43,1,1018,17,1,0,0,1,0
205,45204.0,3,35,1,66,3,0,0,1,1,1
206,72460.0,1,54,0,927,9,1,0,0,1,0
207,77622.0,3,53,2,681,11,0,1,0,1,0
208,30732.0,8,43,1,181,9,0,1,0,1,0
209,63887.0,6,61,1,1127,20,1,0,0,0,0
210,42011.0,8,45,1,147,8,1,0,0,1,0
211,51369.0,8,47,1,383,12,1,0,0,1,0
212,51537.0,8,71,1,1011,7,1,0,0,0,0
213,79930.0,2,51,0,1618,9,0,1,0,1,0
214,34320.0,8,37,1,14,2,0,1,0,1,0
215,37070.0,7,57,2,375,15,1,0,0,0,0
216,81975.0,7,61,1,1243,10,0,0,1,0,1
217,38590.0,8,52,1,12,2,1,0,0,1,0
218,15033.0,3,72,0,9,2,1,0,0,0,0
219,62745.0,5,58,1,1047,18,0,1,0,1,0
220,22212.0,6,48,1,34,4,0,0,1,1,1
221,23661.0,7,41,1,22,2,0,1,0,1,0
222,79761.0,3,65,1,544,8,0,1,0,0,0
223,7500.0,7,50,1,18,8,1,0,0,0,0
224,73455.0,3,55,0,1719,12,1,0,0,0,0
225,64961.0,3,65,1,772,12,1,0,0,1,0
226,22804.0,9,52,1,22,3,1,0,0,0,0
227,73687.0,2,33,0,1215,13,1,0,0,1,0
228,61074.0,7,65,1,922,23,1,0,0,1,0
229,31686.0,6,59,2,16,3,0,1,0,1,0
230,80134.0,6,51,1,1506,10,1,0,0,1,0
231,75027.0,5,70,1,1168,15,1,0,0,1,0
232,67546.0,3,35,0,1766,15,0,1,0,1,0
233,65176.0,6,54,1,1171,19,0,1,0,1,0
234,31160.0,8,48,1,44,4,0,1,0,0,0
235,29938.0,6,38,1,13,3,1,0,0,0,0
236,102692.0,2,49,0,760,16,1,0,0,0,0
237,26490.0,6,65,0,144,6,0,0,1,1,1
238,75702.0,8,56,2,1031,15,1,0,0,1,0
239,30899.0,6,49,1,32,3,0,1,0,0,0
240,63342.0,6,62,1,1057,14,0,1,0,1,0
241,45989.0,3,59,1,258,9,1,0,0,0,0
242,18701.0,5,59,2,18,6,1,0,0,0,0
243,40737.0,8,66,3,15,2,0,1,0,0,0
244,15287.0,7,44,1,11,4,1,0,0,0,0
245,69674.0,5,55,2,810,15,0,1,0,0,0
246,44159.0,5,53,1,231,9,0,1,0,1,0
247,37717.0,9,45,1,15,2,0,1,0,1,0
248,43776.0,8,71,2,250,13,0,1,0,1,0
249,38179.0,7,57,2,64,8,0,1,0,1,0
250,80124.0,1,60,0,965,11,1,0,0,1,0
251,38097.0,7,53,2,114,9,0,1,0,1,0
252,72940.0,1,53,0,554,7,1,0,0,1,0
253,22070.0,6,53,1,36,6,1,0,0,1,0
254,69267.0,7,70,0,1321,9,1,0,0,0,0
255,31788.0,5,40,1,46,6,0,1,0,0,0
256,61905.0,5,48,1,210,8,0,1,0,1,0
257,29315.0,6,63,2,29,6,1,0,0,1,0
258,33378.0,7,60,2,79,5,1,0,0,0,0
259,66313.0,4,60,1,731,11,0,1,0,1,0
260,60714.0,5,67,0,602,13,1,0,0,0,0
261,77882.0,1,42,0,593,7,0,1,0,1,0
262,69867.0,1,37,0,708,9,0,1,0,0,0
263,63841.0,6,55,1,750,13,0,1,0,0,0
264,24480.0,7,42,1,32,6,0,0,1,1,1
265,51369.0,8,47,1,383,12,1,0,0,1,0
266,37760.0,7,77,0,127,7,1,0,0,1,0
267,65640.0,2,49,1,360,7,0,1,0,1,0
268,44319.0,5,48,2,34,4,0,1,0,1,0
269,30631.0,7,49,1,41,5,1,0,0,1,0
270,75278.0,3,71,0,632,10,1,0,0,1,0
271,50898.0,5,67,2,555,21,0,1,0,1,0
272,79946.0,3,57,0,1143,17,1,0,0,0,0
273,35416.0,8,74,0,332,11,0,1,0,0,0
274,32414.0,7,39,0,31,2,0,0,1,1,1
275,38361.0,7,54,1,95,7,1,0,0,1,0
276,82497.0,4,43,0,1479,10,1,0,0,1,0
277,16626.0,9,52,2,33,6,1,0,0,1,0
278,29672.0,6,58,2,13,1,1,0,0,1,0
279,55951.0,8,71,1,1321,12,0,1,0,1,0
280,35388.0,7,35,1,17,2,0,0,1,0,1
281,42386.0,8,37,1,85,4,0,1,0,1,0
282,68627.0,1,41,0,673,6,1,0,0,0,0
283,57912.0,5,58,1,881,16,0,1,0,0,0
284,35246.0,5,65,2,48,8,1,0,0,0,0
285,58821.0,6,67,1,681,12,0,0,1,1,1
286,46377.0,4,45,1,83,4,0,1,0,1,0
287,39747.0,8,35,1,188,9,1,0,0,0,0
288,23976.0,7,39,1,36,7,1,0,0,1,0
289,80950.0,2,62,0,784,14,0,1,0,1,0
290,27038.0,9,57,0,52,4,1,0,0,0,0
291,77457.0,1,76,0,1086,8,1,0,0,0,0
292,64100.0,7,59,1,536,12,0,1,0,1,0
293,42670.0,4,31,0,202,7,0,1,0,1,0
294,12571.0,6,47,1,22,8,1,0,0,0,0
295,22574.0,7,56,3,33,4,1,0,0,1,0
296,70893.0,3,47,0,1373,13,0,1,0,0,0
297,54198.0,4,57,2,213,10,1,0,0,1,0
298,28839.0,5,67,2,31,4,0,1,0,1,0
299,40321.0,7,51,2,69,5,1,0,0,1,0
300,66503.0,3,38,1,283,9,1,0,0,0,0
301,30833.0,5,72,2,18,3,1,0,0,1,0
302,64795.0,2,52,1,536,9,1,0,0,1,0
303,34421.0,7,49,1,13,2,1,0,0,1,0
304,47025.0,7,58,2,19,2,0,1,0,0,0
305,64325.0,7,62,1,1144,18,0,1,0,0,0
306,40464.0,8,70,1,559,16,1,0,0,0,0
307,62187.0,3,66,0,1067,13,1,0,0,1,0
308,14849.0,8,47,1,51,5,0,1,0,0,0
309,27255.0,7,39,1,34,2,1,0,0,1,0
310,54432.0,4,73,3,38,2,0,1,0,1,0
311,29999.0,8,37,1,134,8,0,1,0,0,0
312,24072.0,8,40,1,16,2,1,0,0,0,0
313,33996.0,4,34,0,57,3,0,1,0,0,0
314,66334.0,5,67,1,1138,14,0,1,0,1,0
315,35178.0,7,52,1,37,3,0,1,0,1,0
316,22010.0,8,40,1,22,4,1,0,0,1,0
317,62204.0,3,63,2,610,10,1,0,0,0,0
318,75693.0,4,55,0,1243,16,1,0,0,0,0
319,30675.0,8,51,1,28,2,1,0,0,1,0
320,83003.0,3,58,0,1487,14,1,0,0,1,0
321,68655.0,3,35,0,1307,10,1,0,0,0,0
322,41411.0,6,37,0,107,4,1,0,0,0,0
323,55212.0,8,54,1,1148,9,0,1,0,1,0
324,59292.0,3,73,1,460,10,0,1,0,1,0
325,27190.0,8,50,1,14,2,0,0,1,1,1
326,82623.0,1,71,0,442,12,1,0,0,0,0
327,44300.0,6,58,2,39,3,1,0,0,1,0
328,84835.0,1,53,0,672,9,1,0,0,0,0
329,30372.0,7,52,2,27,5,1,0,0,0,0
330,33181.0,6,47,1,12,2,0,1,0,1,0
331,71113.0,4,66,1,783,17,1,0,0,1,0
332,71952.0,4,37,1,1191,14,1,0,0,1,0
333,69759.0,3,57,0,986,13,0,1,0,0,0
334,72099.0,1,49,0,1047,8,1,0,0,1,0
335,60000.0,6,47,1,1265,19,0,1,0,0,0
336,38643.0,7,45,2,38,4,1,0,0,0,0
337,50737.0,6,68,1,89,3,1,0,0,1,0
338,68462.0,1,54,0,1410,7,0,1,0,1,0
339,65073.0,2,80,0,823,9,0,1,0,1,0
340,46681.0,5,75,2,353,12,0,1,0,1,0
341,78618.0,2,66,0,1717,12,1,0,0,1,0
342,62187.0,4,54,1,595,11,0,1,0,0,0
343,28442.0,4,45,2,32,6,1,0,0,1,0
344,37717.0,9,45,1,15,2,0,1,0,1,0
345,51479.0,7,56,2,415,16,1,0,0,1,0
346,54803.0,4,54,1,496,10,1,0,0,0,0
347,79530.0,2,63,0,1148,15,1,0,0,1,0
348,31615.0,7,47,1,25,4,1,0,0,0,0
349,72025.0,3,61,0,1415,8,1,0,0,1,0
350,52614.0,8,48,1,931,8,0,1,0,0,0
351,35684.0,6,39,1,21,2,0,0,1,1,1
352,48178.0,8,48,2,208,12,1,0,0,1,0
353,29548.0,4,53,1,14,3,0,1,0,0,0
354,63810.0,8,57,1,1242,11,1,0,0,0,0
355,38578.0,8,51,2,64,6,0,1,0,0,0
356,46098.0,8,48,2,84,9,0,1,0,0,0
357,22585.0,9,53,0,27,3,1,0,0,0,0
358,30279.0,8,34,1,28,2,1,0,0,0,0
359,66426.0,6,62,1,1164,10,0,1,0,1,0
360,30822.0,7,54,1,25,2,1,0,0,0,0
361,33581.0,8,54,2,16,2,0,1,0,1,0
362,19986.0,7,38,1,14,1,1,0,0,1,0
363,27421.0,7,69,0,151,8,1,0,0,0,0
364,35688.0,8,50,3,166,12,0,0,1,1,1
365,36143.0,3,42,1,13,2,0,1,0,0,0
366,10245.0,5,52,1,18,6,1,0,0,0,0
367,43795.0,7,55,1,378,13,0,1,0,1,0
368,63381.0,2,63,1,763,13,1,0,0,1,0
369,38823.0,6,74,1,81,4,1,0,0,1,0
370,83664.0,5,55,2,1038,7,0,1,0,0,0
371,90300.0,1,44,0,1514,11,1,0,0,1,0
372,62499.0,4,44,1,205,6,0,1,0,1,0
373,74293.0,2,30,0,862,10,1,0,0,0,0
374,51012.0,6,77,0,174,6,0,1,0,1,0
375,70777.0,3,55,1,702,11,0,1,0,1,0
376,68682.0,2,32,0,1424,14,0,1,0,1,0
377,43824.0,8,52,2,139,8,1,0,0,1,0
378,15345.0,8,39,1,23,4,1,0,0,1,0
379,23442.0,7,36,1,8,2,1,0,0,0,0
380,14515.0,7,43,1,19,8,0,0,1,1,1
381,31395.0,6,67,2,49,7,0,0,1,0,1
382,75276.0,5,58,0,840,14,1,0,0,1,0
383,42373.0,5,49,2,133,8,1,0,0,0,0
384,30507.0,7,63,0,175,7,1,0,0,1,0
385,55521.0,7,68,3,442,18,0,1,0,0,0
386,48006.0,6,58,2,34,2,1,0,0,1,0
387,27213.0,8,51,1,48,5,0,1,0,0,0
388,65808.0,6,52,2,242,9,0,1,0,0,0
389,30351.0,9,49,1,38,4,0,1,0,1,0
390,50437.0,7,60,2,471,11,1,0,0,1,0
391,23616.0,8,41,1,37,5,0,0,1,0,1
392,53858.0,4,47,1,681,11,1,0,0,1,0
393,66465.0,6,68,1,1404,23,0,1,0,1,0
394,46923.0,7,36,1,183,9,1,0,0,0,0
395,75072.0,3,61,1,926,11,1,0,0,1,0
396,75865.0,1,80,0,1074,9,0,1,0,1,0
397,19789.0,5,48,1,16,6,0,0,1,1,1
398,80134.0,5,29,0,1274,10,1,0,0,1,0
399,91065.0,3,42,0,1044,17,1,0,0,0,0
400,49505.0,8,52,2,704,21,0,1,0,1,0
401,37401.0,7,50,1,41,4,0,1,0,1,0
402,30096.0,6,40,1,19,3,1,0,0,1,0
403,18492.0,8,41,1,6,2,0,1,0,1,0
404,82584.0,1,49,0,1247,8,0,1,0,1,0
405,93027.0,2,82,0,2043,17,0,1,0,1,0
406,48686.0,8,70,3,17,2,1,0,0,1,0
407,92910.0,1,37,0,1480,14,1,0,0,1,0
408,75433.0,6,34,1,1097,9,1,0,0,1,0
409,10404.0,5,34,1,15,3,0,0,1,1,1
410,61314.0,3,55,1,567,12,1,0,0,1,0
411,84865.0,4,62,0,1613,7,0,1,0,0,0
412,42387.0,8,34,1,470,14,1,0,0,1,0
413,75236.0,4,59,1,904,12,1,0,0,1,0
414,30015.0,5,53,1,47,3,1,0,0,0,0
415,50943.0,5,67,1,38,2,0,1,0,1,0
416,67272.0,5,57,1,663,11,1,0,0,0,0
417,51529.0,8,74,1,439,12,0,1,0,0,0
418,32011.0,7,52,1,114,6,0,1,0,1,0
419,7500.0,8,37,1,17,4,0,0,1,1,1
420,28691.0,8,34,1,22,2,1,0,0,1,0
421,56223.0,4,75,1,136,5,0,1,0,1,0
422,18100.0,5,77,0,6,1,1,0,0,1,0
423,30279.0,8,34,1,28,2,1,0,0,0,0
424,20130.0,8,49,0,9,2,0,0,1,1,1
425,23295.0,8,64,0,1,2,1,0,0,0,0
426,42618.0,8,51,1,164,7,0,1,0,0,0
427,81246.0,1,59,0,1125,10,1,0,0,0,0
428,24027.0,8,47,1,32,4,1,0,0,1,0
429,55707.0,3,70,1,297,7,0,1,0,1,0
430,57959.0,3,68,1,768,16,1,0,0,0,0
431,56796.0,7,54,1,855,20,1,0,0,1,0
432,36230.0,5,52,1,46,3,0,1,0,0,0
433,70829.0,3,43,2,317,8,0,0,1,1,1
434,65991.0,7,47,1,890,17,1,0,0,1,0
435,38988.0,8,51,3,291,13,1,0,0,1,0
436,89572.0,4,57,0,1604,15,0,0,1,0,1
437,42207.0,6,39,1,199,9,0,1,0,1,0
438,50300.0,2,71,1,218,5,1,0,0,1,0
439,66664.0,3,41,0,941,13,0,0,1,1,1
440,60597.0,7,59,1,779,8,1,0,0,1,0
441,70165.0,1,74,0,414,11,1,0,0,0,0
442,50520.0,6,65,1,118,6,0,1,0,0,0
443,80124.0,1,60,0,965,11,1,0,0,1,0
444,33183.0,7,48,1,51,6,1,0,0,1,0
445,66582.0,1,54,0,1234,11,0,1,0,0,0
446,75261.0,2,68,0,1669,12,0,1,0,1,0
447,31880.0,8,53,1,10,2,1,0,0,0,0
448,53790.0,6,72,2,504,12,1,0,0,1,0
449,49269.0,7,52,1,813,13,0,1,0,1,0
450,61456.0,4,48,1,1023,20,1,0,0,1,0
451,37406.0,8,43,1,10,2,1,0,0,1,0
452,56937.0,6,42,1,879,21,0,1,0,1,0
453,38415.0,7,45,2,36,3,1,0,0,1,0
454,20518.0,5,35,1,11,3,1,0,0,0,0
455,62503.0,5,67,1,671,15,1,0,0,1,0
456,41644.0,3,51,2,27,3,0,1,0,0,0
457,55842.0,5,46,1,490,9,0,1,0,1,0
458,62010.0,5,51,1,432,12,0,1,0,1,0
459,41124.0,8,46,1,372,17,1,0,0,1,0
460,38961.0,7,50,1,45,4,0,1,0,1,0
461,37760.0,6,51,1,42,3,0,1,0,0,0
462,32233.0,9,49,1,188,10,1,0,0,0,0
463,43057.0,5,48,1,259,10,1,0,0,1,0
464,83151.0,3,63,0,535,15,0,1,0,1,0
465,78825.0,3,59,0,671,16,0,1,0,0,0
466,65104.0,7,47,1,970,10,0,1,0,1,0
467,60093.0,6,49,1,623,11,1,0,0,1,0
468,14045.0,7,54,1,16,2,1,0,0,1,0
469,28457.0,8,71,0,133,6,0,0,1,0,1
470,78952.0,6,65,1,1783,9,0,1,0,1,0
471,46310.0,8,47,1,275,9,1,0,0,0,0
472,76005.0,6,68,0,1392,9,1,0,0,1,0
473,58308.0,8,59,1,760,12,0,1,0,0,0
474,55614.0,7,79,0,648,14,0,1,0,0,0
475,59432.0,5,61,1,607,11,0,1,0,0,0
476,55563.0,3,45,1,39,3,1,0,0,0,0
477,78642.0,6,52,1,1718,14,0,1,0,1,0
478,67911.0,3,74,1,885,16,0,1,0,1,0
479,65275.0,2,79,0,620,8,1,0,0,1,0
480,27203.0,8,73,2,36,4,1,0,0,1,0
481,48330.0,5,62,1,32,2,0,1,0,1,0
482,24279.0,8,33,0,73,6,0,0,1,1,1
483,64355.0,8,38,1,1187,9,0,1,0,1,0
484,50943.0,5,67,1,38,2,0,1,0,1,0
485,53653.0,6,70,0,1064,16,1,0,0,0,0
486,65665.0,3,47,1,774,16,1,0,0,1,0
487,81217.0,1,34,0,887,11,1,0,0,0,0
488,34935.0,7,31,0,104,4,1,0,0,1,0
489,61250.0,5,64,1,585,13,1,0,0,0,0
490,39665.0,7,42,1,184,9,0,1,0,1,0
491,60152.0,3,44,1,708,11,1,0,0,0,0
492,48920.0,7,59,2,323,11,1,0,0,1,0
493,89120.0,1,64,0,1668,12,0,1,0,1,0
494,44124.0,8,77,1,339,12,0,1,0,1,0
495,81169.0,2,48,0,1921,13,0,1,0,0,0
496,36443.0,8,62,2,111,8,1,0,0,1,0
497,26095.0,7,33,1,27,2,1,0,0,0,0
498,71367.0,2,64,0,639,10,1,0,0,1,0
499,80184.0,3,79,0,1839,10,0,1,0,1,0
500,30630.0,7,58,2,40,4,1,0,0,0,0
501,73454.0,5,36,0,1406,7,0,1,0,0,0
502,42691.0,5,32,0,245,7,1,0,0,1,0
503,70503.0,6,70,0,1628,7,1,0,0,1,0
504,25545.0,6,36,1,97,7,1,0,0,1,0
505,32880.0,8,37,1,27,2,1,0,0,1,0
506,77863.0,2,65,0,1238,10,0,1,0,1,0
507,50353.0,3,46,0,309,9,0,1,0,1,0
508,61839.0,8,59,0,1534,13,1,0,0,0,0
509,49154.0,6,63,2,283,11,0,1,0,1,0
510,47682.0,5,48,1,306,11,0,0,1,0,1
511,72679.0,1,54,1,933,12,1,0,0,0,0
512,57954.0,7,46,2,484,17,0,1,0,1,0
513,65316.0,4,61,2,210,7,1,0,0,1,0
514,28567.0,6,41,1,36,4,1,0,0,0,0
515,47352.0,7,72,1,296,11,0,1,0,1,0
516,44931.0,5,56,1,89,4,1,0,0,1,0
517,76982.0,4,56,0,907,12,1,0,0,0,0
518,57247.0,2,71,1,135,5,0,0,1,1,1
519,22944.0,7,42,1,41,6,0,1,0,0,0
520,25315.0,8,46,1,18,6,0,0,1,1,1
521,43638.0,7,54,1,156,7,1,0,0,0,0
522,42710.0,6,39,1,297,11,0,1,0,0,0
523,84169.0,3,41,0,1900,14,0,1,0,1,0
524,54058.0,3,47,1,468,12,1,0,0,1,0
525,24683.0,5,33,1,22,4,0,0,1,1,1
526,85620.0,1,59,0,1387,10,1,0,0,0,0
527,47850.0,6,43,1,92,4,1,0,0,1,0
528,19514.0,8,55,2,38,8,1,0,0,1,0
529,27159.0,6,50,2,20,3,0,1,0,1,0
530,39548.0,3,60,2,29,4,0,0,1,0,1
531,21474.0,7,34,1,46,6,1,0,0,0,0
532,60504.0,6,52,1,482,10,0,1,0,0,0
533,22419.0,8,60,0,80,6,1,0,0,1,0
534,81698.0,1,74,0,727,12,0,1,0,1,0
535,43462.0,8,71,2,204,11,1,0,0,1,0
536,54880.0,5,45,1,530,10,0,1,0,0,0
537,79908.0,2,41,0,1447,12,1,0,0,1,0
538,15315.0,5,53,0,24,4,0,0,1,1,1
539,87771.0,6,64,1,1817,16,1,0,0,1,0
540,33039.0,5,45,1,50,3,1,0,0,1,0
541,81741.0,2,43,0,1342,12,1,0,0,0,0
542,71499.0,4,52,1,622,13,0,1,0,1,0
543,62466.0,4,53,1,517,14,0,0,1,1,1
544,48799.0,3,60,1,273,8,0,1,0,0,0
545,52157.0,4,73,1,220,7,0,1,0,1,0
546,66565.0,8,61,1,918,10,1,0,0,0,0
547,29298.0,5,72,2,8,2,0,1,0,1,0
548,47691.0,6,44,1,17,2,1,0,0,0,0
549,38200.0,7,53,2,16,2,1,0,0,1,0
550,44989.0,6,49,1,204,11,1,0,0,1,0
551,38443.0,7,55,2,37,3,0,1,0,1,0
552,38593.0,8,45,1,112,8,0,0,1,0,1
553,64413.0,5,53,1,249,7,0,1,0,1,0
554,36959.0,8,42,1,56,4,0,1,0,1,0
555,61996.0,5,46,1,1206,13,0,1,0,1,0
556,51287.0,7,55,2,139,8,1,0,0,1,0
557,13260.0,8,53,2,30,7,1,0,0,1,0
558,47472.0,5,57,2,67,4,0,1,0,1,0
559,54603.0,7,67,2,204,12,0,1,0,1,0
560,45207.0,6,49,2,213,9,0,1,0,1,0
561,40689.0,8,72,1,300,15,1,0,0,1,0
562,47821.0,8,56,2,25,2,0,0,1,1,1
563,27450.0,7,72,0,72,4,0,1,0,1,0
564,39453.0,6,40,1,53,4,1,0,0,1,0
565,26850.0,4,52,2,45,7,0,0,1,1,1
566,79800.0,3,68,0,1611,17,1,0,0,0,0
567,61794.0,2,62,1,499,10,0,1,0,1,0
568,53863.0,7,68,1,433,11,1,0,0,1,0
569,24221.0,4,64,0,26,3,1,0,0,1,0
570,39684.0,7,39,1,54,5,0,1,0,0,0
571,92163.0,2,48,0,1797,16,0,1,0,1,0
572,69882.0,1,58,0,1054,11,0,1,0,0,0
573,33178.0,4,46,1,20,2,1,0,0,1,0
574,59973.0,1,51,0,328,8,0,1,0,1,0
575,17459.0,7,48,1,26,7,0,1,0,1,0
576,23910.0,7,54,1,46,3,1,0,0,0,0
577,42169.0,8,54,2,28,3,0,1,0,1,0
578,26224.0,6,45,1,26,6,0,0,1,1,1
579,31089.0,8,42,1,65,6,1,0,0,1,0
580,30081.0,7,62,1,38,2,1,0,0,0,0
581,62807.0,5,63,1,689,11,1,0,0,1,0
582,72906.0,1,68,0,951,8,1,0,0,0,0
583,61467.0,5,75,2,540,10,0,1,0,1,0
584,49618.0,7,57,2,109,8,0,1,0,1,0
585,21888.0,10,37,1,144,10,0,1,0,0,0
586,42429.0,5,50,1,61,4,1,0,0,0,0
587,26150.0,7,67,3,19,2,1,0,0,0,0
588,30801.0,7,48,1,17,3,0,0,1,1,1
589,81168.0,3,58,0,1002,11,1,0,0,1,0
590,26877.0,6,54,0,190,6,0,1,0,0,0
591,45006.0,3,79,0,240,5,0,1,0,0,0
592,18978.0,8,50,1,11,2,0,0,1,1,1
593,22574.0,7,56,3,33,4,1,0,0,1,0
594,48240.0,5,54,0,728,12,0,1,0,0,0
595,45837.0,7,49,2,315,13,1,0,0,1,0
596,35791.0,8,58,3,32,3,0,1,0,0,0
597,54162.0,4,45,2,21,2,1,0,0,0,0
598,30522.0,2,63,1,270,8,0,1,0,1,0
599,54456.0,6,62,1,379,10,0,1,0,1,0
600,31632.0,7,52,0,37,4,1,0,0,0,0
601,72298.0,1,74,0,829,8,1,0,0,0,0
602,36975.0,7,45,1,27,2,0,0,1,0,1
603,72635.0,3,68,0,735,15,0,0,1,1,1
604,13624.0,6,47,1,27,4,1,0,0,1,0
605,84196.0,3,48,1,785,13,1,0,0,0,0
606,70971.0,7,63,1,1590,29,1,0,0,1,0
607,34487.0,9,46,2,70,6,0,1,0,0,0
608,28769.0,9,46,1,175,8,1,0,0,0,0
609,69084.0,8,53,1,1487,12,0,1,0,1,0
610,65488.0,1,65,0,855,8,0,1,0,1,0
611,62466.0,4,53,1,517,14,0,0,1,1,1
612,32218.0,7,63,0,49,4,0,0,1,0,1
613,83917.0,3,50,0,1268,14,1,0,0,0,0
614,46102.0,7,61,3,15,2,1,0,0,0,0
615,84574.0,5,71,0,1120,21,1,0,0,0,0
616,56181.0,4,61,1,293,7,1,0,0,1,0
617,63120.0,7,73,1,1313,17,0,1,0,0,0
618,73691.0,2,52,1,978,10,1,0,0,1,0
619,63381.0,2,63,1,763,13,1,0,0,1,0
620,76140.0,2,75,0,1305,15,0,1,0,1,0
621,62859.0,6,64,1,1254,17,0,1,0,0,0
622,45906.0,5,59,1,335,11,1,0,0,0,0
623,77632.0,2,76,0,2063,7,0,1,0,1,0
624,46463.0,6,52,2,205,11,0,1,0,1,0
625,105471.0,3,53,0,1294,17,1,0,0,1,0
626,55282.0,4,53,1,204,5,0,1,0,0,0
627,78710.0,4,46,1,873,16,0,1,0,1,0
628,66886.0,5,65,1,381,10,1,0,0,1,0
629,98777.0,1,63,0,1730,10,0,1,0,0,0
630,29103.0,9,38,1,33,3,1,0,0,1,0
631,67445.0,6,49,1,1054,20,1,0,0,1,0
632,50616.0,2,73,1,57,3,0,1,0,1,0
633,49431.0,8,68,1,322,10,1,0,0,0,0
634,61278.0,6,70,1,142,6,1,0,0,1,0
635,26490.0,6,65,0,144,6,0,0,1,1,1
636,73059.0,4,76,1,942,13,0,1,0,1,0
637,46734.0,6,57,3,140,9,0,1,0,0,0
638,56253.0,6,60,1,574,13,1,0,0,1,0
639,19986.0,7,38,1,14,1,1,0,0,1,0
640,58330.0,4,48,1,711,11,1,0,0,0,0
641,25965.0,8,43,0,15,3,0,0,1,1,1
642,14661.0,6,67,0,16,2,0,1,0,1,0
643,18690.0,8,64,0,14,3,1,0,0,1,0
644,45068.0,7,49,1,17,2,0,1,0,1,0
645,21063.0,6,36,1,22,4,0,0,1,0,1
646,29187.0,8,55,1,32,2,0,1,0,1,0
647,54690.0,3,52,2,164,7,0,0,1,1,1
648,59304.0,5,59,1,907,18,0,1,0,1,0
649,59247.0,6,61,2,458,12,0,1,0,0,0
650,66731.0,3,53,1,724,11,1,0,0,0,0
651,77353.0,4,43,1,441,12,1,0,0,1,0
652,52614.0,8,48,1,931,8,0,1,0,0,0
653,26751.0,8,49,2,7,2,1,0,0,1,0
654,81300.0,5,60,1,1161,16,0,1,0,1,0
655,70337.0,1,44,0,417,5,1,0,0,0,0
656,36145.0,9,38,1,136,9,0,0,1,1,1
657,65295.0,2,43,0,514,7,0,1,0,0,0
658,68118.0,6,60,1,741,19,1,0,0,0,0
659,68743.0,7,56,0,1650,17,1,0,0,0,0
660,41039.0,8,41,0,182,10,0,0,1,1,1
661,38946.0,5,68,1,204,6,1,0,0,1,0
662,65777.0,1,56,0,1032,11,1,0,0,1,0
663,66476.0,4,47,1,516,9,0,1,0,0,0
664,86857.0,2,51,0,1839,12,0,1,0,0,0
665,77845.0,1,34,0,1280,9,0,1,0,1,0
666,69476.0,2,54,0,905,11,0,1,0,1,0
667,50611.0,6,63,1,483,15,0,1,0,0,0
668,61209.0,2,53,0,690,9,1,0,0,0,0
669,42315.0,3,65,1,162,8,0,1,0,1,0
670,13084.0,6,71,0,9,2,0,0,1,1,1
671,47570.0,7,74,2,88,7,0,1,0,0,0
672,61923.0,3,62,2,114,4,0,1,0,1,0
673,34824.0,6,28,0,17,2,1,0,0,0,0
674,26518.0,8,74,2,49,5,0,1,0,0,0
675,45938.0,6,62,0,462,14,1,0,0,0,0
676,78468.0,4,63,0,844,18,1,0,0,1,0
677,78901.0,4,50,1,641,15,1,0,0,0,0
678,71427.0,4,45,2,512,12,1,0,0,1,0
679,71022.0,8,45,1,1199,10,1,0,0,0,0
680,90247.0,1,35,0,1568,8,0,1,0,0,0
681,41335.0,7,55,1,152,8,0,1,0,0,0
682,71952.0,4,37,1,1191,14,1,0,0,1,0
683,35682.0,2,53,1,31,3,0,1,0,0,0
684,43185.0,8,72,1,585,14,1,0,0,0,0
685,66375.0,7,75,1,757,9,0,1,0,1,0
686,35178.0,7,52,1,37,3,0,1,0,1,0
687,25252.0,8,37,1,8,2,1,0,0,1,0
688,55250.0,5,58,1,805,16,0,1,0,0,0
689,33249.0,6,48,1,37,5,1,0,0,0,0
690,58398.0,4,70,0,505,12,1,0,0,1,0
691,50272.0,7,41,1,178,8,1,0,0,1,0
692,76618.0,1,48,0,1083,6,0,1,0,1,0
693,87305.0,2,63,0,871,9,0,0,1,0,1
694,25851.0,7,45,1,31,4,1,0,0,1,0
695,58710.0,6,53,1,889,22,1,0,0,0,0
696,45160.0,7,65,2,15,2,1,0,0,0,0
697,74806.0,4,58,1,928,11,0,1,0,1,0
698,59111.0,7,69,0,658,13,1,0,0,1,0
699,18988.0,7,39,1,12,3,0,1,0,1,0
700,72190.0,3,58,0,1360,12,1,0,0,1,0
701,7500.0,9,47,1,19,10,1,0,0,1,0
702,44794.0,6,57,1,61,3,1,0,0,1,0
703,80395.0,2,68,0,1176,12,1,0,0,1,0
704,75012.0,1,47,0,654,12,0,1,0,0,0
705,56962.0,7,58,3,372,16,0,1,0,1,0
706,89891.0,4,32,0,566,18,1,0,0,1,0
707,35946.0,5,74,2,11,1,0,1,0,0,0
708,53593.0,8,70,2,431,17,0,1,0,1,0
709,66373.0,3,45,2,461,13,1,0,0,1,0
710,45072.0,8,75,3,245,12,0,1,0,0,0
711,89694.0,5,50,2,1365,10,1,0,0,0,0
712,72025.0,2,74,0,1584,13,1,0,0,1,0
713,67432.0,4,50,1,852,15,1,0,0,1,0
714,70545.0,2,71,1,240,6,0,1,0,1,0
715,17487.0,7,34,1,1,2,0,0,1,1,1
716,62882.0,4,54,1,1139,14,1,0,0,1,0
717,64108.0,5,70,1,1044,19,0,1,0,0,0
718,34941.0,8,67,2,66,5,0,1,0,1,0
719,48767.0,5,73,3,50,6,0,1,0,0,0
720,38702.0,6,45,1,48,5,0,0,1,1,1
721,82224.0,3,59,0,693,16,1,0,0,1,0
722,83844.0,1,71,0,1277,9,1,0,0,1,0
723,17003.0,5,48,1,19,5,0,0,1,1,1
724,71163.0,1,28,0,672,12,1,0,0,0,0
725,33697.0,7,53,1,14,2,1,0,0,0,0
726,63564.0,6,69,0,1101,21,0,0,1,1,1
727,83443.0,2,51,0,1302,17,0,1,0,1,0
728,51518.0,3,65,1,424,7,0,1,0,1,0
729,58330.0,4,48,1,711,11,1,0,0,0,0
730,80952.0,8,54,0,1645,14,1,0,0,1,0
731,75507.0,3,44,0,1176,15,1,0,0,1,0
732,63855.0,4,45,0,708,11,0,0,1,1,1
733,62220.0,6,51,1,1186,18,0,1,0,1,0
734,58512.0,8,59,1,1006,12,1,0,0,1,0
735,40662.0,4,44,1,65,5,0,1,0,1,0
736,38829.0,5,64,1,83,6,0,1,0,1,0
737,35523.0,7,42,1,38,5,0,0,1,1,1
738,79146.0,6,56,2,484,11,1,0,0,0,0
739,78285.0,3,35,0,1145,11,0,1,0,1,0
740,31626.0,7,45,1,49,4,0,1,0,0,0
741,75127.0,1,71,0,543,14,1,0,0,0,0
742,48726.0,6,68,1,179,8,1,0,0,1,0
743,74985.0,2,46,0,1536,10,1,0,0,1,0
744,67430.0,6,36,0,983,17,1,0,0,1,0
745,46891.0,4,58,1,78,4,0,0,1,1,1
746,62058.0,6,67,1,382,11,0,1,0,1,0
747,72063.0,2,44,1,560,9,1,0,0,1,0
748,78939.0,3,72,0,1152,14,0,1,0,1,0
749,42720.0,8,58,2,488,18,1,0,0,0,0
750,33622.0,7,51,2,62,5,1,0,0,1,0
751,41452.0,7,70,2,16,2,1,0,0,1,0
752,40760.0,6,58,1,87,5,0,1,0,0,0
753,74250.0,1,65,0,1083,14,0,1,0,1,0
754,51124.0,3,68,2,38,3,0,1,0,0,0
755,72258.0,2,52,1,1044,17,1,0,0,0,0
756,71466.0,1,49,0,970,9,0,1,0,0,0
757,36283.0,4,47,2,16,3,1,0,0,1,0
758,20587.0,7,53,1,11,3,1,0,0,0,0
759,30467.0,7,51,1,12,2,1,0,0,1,0
760,31590.0,8,51,1,23,2,1,0,0,1,0
761,20425.0,7,37,1,21,4,0,0,1,1,1
762,17144.0,7,63,2,39,8,0,1,0,1,0
763,42564.0,7,55,1,558,20,0,1,0,0,0
764,43783.0,7,45,1,461,14,0,1,0,1,0
765,40780.0,9,47,1,327,12,1,0,0,0,0
766,62847.0,2,78,0,1395,10,0,1,0,1,0
767,82017.0,2,66,0,653,10,0,1,0,1,0
768,16813.0,7,73,0,23,3,1,0,0,0,0
769,51267.0,4,45,2,249,10,1,0,0,1,0
770,46524.0,3,62,1,85,4,1,0,0,0,0
771,45183.0,7,61,0,282,6,0,1,0,0,0
772,70421.0,6,69,1,643,16,0,1,0,1,0
773,60161.0,8,58,1,840,18,0,0,1,0,1
774,73926.0,3,50,0,1315,12,1,0,0,1,0
775,19329.0,8,55,1,41,7,1,0,0,1,0
776,61872.0,4,53,1,494,12,0,1,0,1,0
777,46984.0,5,67,2,30,2,1,0,0,0,0
778,34838.0,6,72,2,80,6,1,0,0,1,0
779,82716.0,2,79,0,982,15,0,1,0,0,0
780,48192.0,8,65,0,1286,13,1,0,0,1,0
781,49681.0,7,47,2,437,14,0,1,0,1,0
782,56850.0,2,52,1,54,3,0,1,0,1,0
783,55267.0,3,66,1,325,11,1,0,0,1,0
784,59666.0,8,51,2,854,12,1,0,0,1,0
785,72504.0,2,51,1,1100,16,1,0,0,0,0
786,26872.0,6,42,0,21,3,1,0,0,1,0
787,21359.0,8,51,1,31,4,1,0,0,0,0
788,73170.0,2,48,0,614,10,1,0,0,0,0
789,52750.0,4,68,1,632,18,0,1,0,1,0
790,91820.0,1,37,0,1230,10,0,1,0,1,0
791,65968.0,3,53,1,468,11,0,1,0,1,0
792,30772.0,6,47,2,13,2,1,0,0,1,0
793,22507.0,9,69,0,294,15,1,0,0,0,0
794,65685.0,5,51,1,705,12,1,0,0,1,0
795,25804.0,8,45,1,24,4,0,0,1,1,1
796,76412.0,3,43,0,1697,10,0,1,0,0,0
797,22063.0,7,51,1,30,4,1,0,0,1,0
798,57091.0,5,62,0,533,11,1,0,0,0,0
799,22419.0,8,60,0,80,6,1,0,0,1,0
800,87771.0,6,64,1,1817,16,1,0,0,1,0
801,78353.0,8,64,1,1350,13,0,0,1,0,1
802,93404.0,5,69,3,1581,10,1,0,0,1,0
803,37859.0,8,61,3,31,3,1,0,0,0,0
804,80995.0,4,65,1,1297,18,0,1,0,0,0
805,16529.0,6,39,1,8,2,1,0,0,1,0
806,55412.0,5,47,2,43,3,0,1,0,0,0
807,48789.0,6,31,0,523,11,1,0,0,0,0
808,56575.0,5,56,2,516,13,0,1,0,1,0
809,25130.0,7,43,1,14,4,0,0,1,1,1
810,35441.0,8,56,2,35,3,1,0,0,1,0
811,71391.0,3,67,1,733,16,1,0,0,1,0
812,49494.0,7,51,1,297,9,0,1,0,0,0
813,81702.0,3,43,0,1387,15,1,0,0,0,0
814,45889.0,6,43,1,37,2,0,0,1,0,1
815,56628.0,5,46,1,566,15,1,0,0,0,0
816,34026.0,5,73,2,39,6,1,0,0,1,0
817,40049.0,5,49,1,208,8,1,0,0,1,0
818,34176.0,6,35,1,36,7,1,0,0,0,0
819,19419.0,9,42,1,44,8,1,0,0,1,0
820,82504.0,1,63,0,843,10,0,0,1,1,1
821,81205.0,2,53,0,1727,12,1,0,0,1,0
822,61618.0,3,32,0,1095,11,0,0,1,0,1
823,55284.0,5,67,1,694,15,0,1,0,0,0
824,49980.0,5,60,1,159,6,1,0,0,0,0
825,15072.0,5,43,2,25,8,1,0,0,1,0
826,49166.0,6,49,1,251,10,1,0,0,0,0
827,65324.0,4,69,1,486,11,0,1,0,1,0
828,82347.0,3,66,0,1455,15,0,0,1,1,1
829,30843.0,5,57,2,26,4,0,1,0,1,0
830,46374.0,8,49,1,429,11,0,1,0,1,0
831,60474.0,7,44,1,767,19,1,0,0,0,0
832,38576.0,7,50,1,41,2,0,1,0,1,0
833,55357.0,5,38,2,554,11,1,0,0,1,0
834,37758.0,8,57,2,39,3,1,0,0,1,0
835,85710.0,2,34,0,970,16,0,0,1,1,1
836,23228.0,8,54,1,33,4,1,0,0,1,0
837,44602.0,8,54,2,258,13,0,1,0,1,0
838,7500.0,6,36,0,5,1,1,0,0,1,0
839,38683.0,7,34,1,150,11,0,0,1,1,1
840,49514.0,7,48,1,205,9,0,0,1,0,1
841,57906.0,4,50,1,373,9,0,1,0,1,0
842,43456.0,5,57,1,354,9,0,1,0,0,0
843,19485.0,7,37,2,10,2,0,1,0,0,0
844,53172.0,3,45,1,273,8,1,0,0,1,0
845,30545.0,7,44,1,31,4,1,0,0,1,0
846,70123.0,3,40,0,1704,13,0,1,0,1,0
847,62450.0,3,64,1,829,12,1,0,0,0,0
848,21675.0,7,47,1,20,7,1,0,0,1,0
849,42395.0,7,42,2,118,8,0,0,1,0,1
850,61346.0,3,45,1,788,13,0,1,0,1,0
851,80812.0,2,70,0,1291,13,1,0,0,1,0
852,42835.0,6,52,2,476,19,0,1,0,0,0
853,39922.0,8,40,1,100,5,1,0,0,1,0
854,86424.0,1,67,0,1024,16,0,1,0,0,0
855,17117.0,9,45,1,73,8,0,0,1,1,1
856,24762.0,8,51,1,28,7,1,0,0,0,0
857,35797.0,8,48,1,42,4,1,0,0,1,0
858,36627.0,5,48,2,15,1,1,0,0,0,0
859,51111.0,6,42,2,41,4,0,0,1,1,1
860,86857.0,2,51,0,1839,12,0,1,0,0,0
861,82072.0,1,53,0,1629,6,0,1,0,1,0
862,46231.0,9,70,3,246,11,0,1,0,0,0
863,42243.0,7,64,2,50,4,1,0,0,1,0
864,51195.0,8,61,2,400,19,1,0,0,1,0
865,68092.0,5,45,0,1119,10,0,1,0,0,0
866,31814.0,9,50,1,58,4,1,0,0,1,0
867,51390.0,5,58,2,272,13,0,1,0,0,0
868,76630.0,1,40,0,732,14,1,0,0,1,0
869,26868.0,7,32,1,1,2,0,0,1,0,1
870,48948.0,6,80,0,651,19,0,1,0,0,0
871,55260.0,6,51,1,886,20,0,1,0,0,0
872,64090.0,5,67,1,535,16,1,0,0,1,0
873,78331.0,4,65,1,1248,18,1,0,0,0,0
874,37087.0,6,49,1,383,9,0,1,0,1,0
875,21846.0,8,37,1,42,8,1,0,0,0,0
876,81320.0,2,65,0,709,8,1,0,0,1,0
877,54137.0,6,53,1,182,7,1,0,0,0,0
878,66825.0,2,56,0,749,10,1,0,0,1,0
879,57100.0,3,50,0,271,7,1,0,0,1,0
880,58917.0,5,54,3,247,10,1,0,0,1,0
881,85072.0,0,46,0,977,8,1,0,0,0,0
882,86429.0,2,62,0,1365,11,1,0,0,0,0
883,45684.0,7,52,1,11,2,1,0,0,0,0
884,47889.0,5,49,1,58,3,1,0,0,1,0
885,45921.0,4,37,0,160,4,0,1,0,1,0
886,78420.0,1,57,0,1306,14,0,1,0,0,0
887,75114.0,2,31,0,1106,14,1,0,0,1,0
888,52278.0,8,60,1,1024,21,0,1,0,0,0
889,35641.0,7,51,1,133,6,0,1,0,1,0
890,95529.0,3,29,0,1689,11,1,0,0,0,0
891,62820.0,1,69,0,724,8,1,0,0,1,0
892,73113.0,2,63,0,914,8,0,1,0,1,0
893,84169.0,3,41,0,1900,14,0,1,0,1,0
894,42607.0,3,69,1,241,7,0,0,1,0,1
895,74637.0,3,69,0,1488,16,0,1,0,0,0
896,46015.0,7,68,2,40,2,0,1,0,1,0
897,72354.0,1,30,0,814,13,1,0,0,0,0
898,39858.0,6,54,1,60,3,0,1,0,0,0
899,34469.0,4,75,2,45,5,0,1,0,1,0
900,83033.0,5,37,1,1342,16,1,0,0,1,0
901,24401.0,8,44,0,318,10,0,1,0,1,0
902,77583.0,2,45,0,779,10,1,0,0,1,0
903,74116.0,2,41,0,1686,9,0,0,1,0,1
904,74293.0,2,30,0,862,10,1,0,0,0,0
905,68397.0,3,47,1,1306,16,0,1,0,1,0
906,79632.0,2,49,0,981,11,0,1,0,1,0
907,46107.0,3,34,1,67,3,1,0,0,0,0
908,64950.0,7,72,1,891,15,0,1,0,0,0
909,25443.0,8,34,1,8,2,0,0,1,1,1
910,75127.0,1,71,0,543,14,1,0,0,0,0
911,32892.0,8,52,1,41,5,0,1,0,1,0
912,71796.0,4,52,0,686,13,1,0,0,1,0
913,67536.0,8,53,1,1700,19,0,1,0,1,0
914,55239.0,5,52,1,626,15,1,0,0,0,0
915,60554.0,6,48,1,671,14,0,1,0,0,0
916,64831.0,6,71,2,815,17,0,0,1,0,1
917,56067.0,5,61,1,583,13,0,1,0,1,0
918,82025.0,1,40,0,971,6,1,0,0,0,0
919,94384.0,2,70,0,1925,13,1,0,0,1,0
920,14906.0,7,37,0,28,6,0,0,1,0,1
921,51563.0,8,36,0,1214,9,0,1,0,1,0
922,57937.0,3,41,1,447,11,0,0,1,1,1
923,68274.0,3,44,2,211,8,1,0,0,0,0
924,39771.0,4,46,1,26,3,1,0,0,1,0
925,67893.0,8,48,1,881,7,0,0,1,0,1
926,27922.0,4,44,1,24,3,0,1,0,1,0
927,52190.0,5,47,2,59,6,0,1,0,1,0
928,44051.0,6,50,2,144,8,0,1,0,0,0
929,42767.0,8,52,2,69,5,0,1,0,0,0
930,46106.0,6,47,2,38,3,0,1,0,1,0
931,16927.0,8,47,2,45,8,0,1,0,1,0
932,59754.0,5,58,1,186,10,1,0,0,1,0
933,53700.0,5,71,1,501,14,1,0,0,0,0
934,59041.0,5,50,2,86,4,1,0,0,1,0
935,54237.0,6,66,1,300,11,0,1,0,0,0
936,70647.0,2,56,1,817,13,1,0,0,0,0
937,52597.0,5,61,1,529,12,0,1,0,0,0
938,41021.0,6,54,1,30,4,0,1,0,1,0
939,40233.0,6,48,1,130,8,0,1,0,1,0
940,50183.0,5,43,2,193,11,1,0,0,1,0
941,54753.0,4,64,1,531,10,1,0,0,1,0
942,92955.0,2,50,0,1639,14,1,0,0,1,0
943,33471.0,7,50,1,72,6,1,0,0,1,0
944,34596.0,8,49,1,16,2,0,1,0,1,0
945,44010.0,9,43,1,456,18,1,0,0,1,0
946,84219.0,1,35,0,971,8,1,0,0,1,0
947,40706.0,7,55,3,70,7,0,1,0,1,0
948,15716.0,8,35,1,51,6,0,0,1,1,1
949,59052.0,5,64,1,340,11,0,0,1,0,1
950,80573.0,2,52,0,1397,11,0,1,0,1,0
951,83715.0,0,61,0,733,11,1,0,0,1,0
952,82576.0,1,64,0,1706,7,0,1,0,1,0
953,56962.0,7,58,3,372,16,0,1,0,1,0
954,35704.0,4,71,2,51,5,1,0,0,1,0
955,53103.0,7,69,1,879,21,1,0,0,1,0
956,46779.0,4,63,2,16,2,0,0,1,0,1
957,4861.0,14,58,0,4,0,1,0,0,0,0
958,33462.0,7,44,1,43,3,0,1,0,0,0
959,63693.0,6,45,1,967,20,1,0,0,0,0
960,80763.0,3,73,0,950,17,1,0,0,1,0
961,65352.0,4,49,1,371,8,0,1,0,1,0
962,82170.0,2,45,0,1767,12,0,1,0,1,0
963,75759.0,5,54,0,2124,17,1,0,0,1,0
964,79689.0,2,47,0,977,14,0,0,1,0,1
965,35340.0,5,67,2,39,4,0,1,0,0,0
966,85683.0,1,69,0,1624,7,1,0,0,0,0
967,24884.0,7,51,1,16,1,0,0,1,1,1
968,42021.0,9,42,1,534,16,0,1,0,1,0
969,64449.0,4,34,1,563,12,1,0,0,0,0
970,64587.0,3,69,2,82,4,1,0,0,0,0
971,34824.0,6,28,0,17,2,1,0,0,0,0
972,75437.0,6,45,0,1340,13,1,0,0,1,0
973,26091.0,5,66,2,44,6,1,0,0,1,0
974,52845.0,6,50,1,701,19,1,0,0,1,0
975,46086.0,4,67,1,284,8,1,0,0,0,0
976,78028.0,7,67,1,465,11,0,1,0,0,0
977,95169.0,1,36,0,1755,8,0,1,0,0,0
978,56337.0,8,42,2,509,18,0,0,1,1,1
979,22434.0,8,36,1,27,4,1,0,0,1,0
980,36930.0,8,69,1,256,12,0,1,0,1,0
981,36130.0,4,69,1,327,17,1,0,0,0,0
982,65569.0,3,70,1,731,13,0,1,0,1,0
983,83844.0,1,71,0,1277,9,1,0,0,1,0
984,19514.0,8,55,2,38,8,1,0,0,1,0
985,36736.0,6,60,2,13,2,0,1,0,0,0
986,77568.0,5,44,1,1626,13,1,0,0,1,0
987,49187.0,2,47,1,113,3,0,1,0,1,0
988,30168.0,9,45,1,240,14,1,0,0,0,0
989,34053.0,8,55,1,84,4,0,1,0,1,0
990,38196.0,5,52,2,41,5,0,1,0,1,0
991,59412.0,3,72,0,322,7,0,1,0,1,0
992,70924.0,3,58,0,1003,13,0,0,1,1,1
993,54165.0,2,54,0,204,4,1,0,0,1,0
994,32300.0,8,50,1,22,2,1,0,0,1,0
995,20180.0,7,47,0,84,4,1,0,0,0,0
996,34961.0,7,50,1,73,7,1,0,0,1,0
997,28440.0,8,49,1,63,3,0,1,0,1,0
998,64504.0,7,70,3,1190,21,0,1,0,1,0
999,33564.0,5,57,1,64,3,0,1,0,1,0
1000,17345.0,8,45,1,29,5,1,0,0,1,0
1001,56320.0,4,56,1,426,12,0,1,0,1,0
1002,28647.0,7,45,1,56,5,1,0,0,0,0
1003,15038.0,9,36,1,23,5,0,0,1,0,1
1004,32173.0,4,65,1,20,2,0,1,0,0,0
1005,68316.0,6,59,1,1047,22,0,0,1,1,1
1006,74538.0,3,52,0,1211,17,1,0,0,1,0
1007,91700.0,3,52,0,1709,15,1,0,0,0,0
1008,68695.0,2,54,0,895,9,1,0,0,1,0
1009,31056.0,8,46,1,28,2,0,0,1,1,1
1010,79593.0,2,50,0,978,12,1,0,0,1,0
1011,28071.0,8,43,0,202,8,1,0,0,0,0
1012,37334.0,4,65,2,43,7,0,1,0,1,0
1013,46423.0,7,51,2,84,5,0,1,0,0,0
1014,37126.0,6,52,1,57,4,0,1,0,1,0
1015,47703.0,5,70,1,493,13,1,0,0,1,0
1016,61180.0,3,64,1,456,12,1,0,0,1,0
1017,38998.0,8,69,2,49,5,1,0,0,1,0
1018,76081.0,2,61,0,737,10,1,0,0,1,0
1019,34728.0,6,37,1,30,3,1,0,0,1,0
1020,33168.0,7,58,1,118,6,0,1,0,0,0
1021,33585.0,4,57,1,74,3,0,1,0,1,0
1022,77037.0,3,63,1,892,15,0,1,0,1,0
1023,35196.0,8,39,1,228,13,1,0,0,1,0
1024,44529.0,5,57,1,642,14,1,0,0,1,0
1025,70924.0,3,58,0,1003,13,0,0,1,1,1
1026,28764.0,8,57,2,11,2,0,1,0,1,0
1027,69098.0,5,74,0,2117,16,0,1,0,1,0
1028,25959.0,6,53,2,18,5,0,0,1,0,1
1029,27100.0,7,40,1,25,2,0,1,0,1,0
1030,70596.0,2,38,0,925,9,1,0,0,0,0
1031,42557.0,8,49,1,250,11,1,0,0,1,0
1032,53312.0,7,72,0,253,7,0,1,0,1,0
1033,72228.0,3,71,0,1150,14,1,0,0,0,0
1034,67605.0,1,36,0,646,11,1,0,0,1,0
1035,62845.0,8,74,2,1144,18,0,1,0,1,0
1036,65196.0,5,65,2,943,15,1,0,0,1,0
1037,42000.0,5,36,0,474,9,0,1,0,0,0
1038,35860.0,5,50,2,23,4,0,1,0,0,0
1039,65526.0,2,59,1,485,9,0,1,0,1,0
1040,16860.0,7,62,2,18,5,1,0,0,1,0
1041,83528.0,1,31,0,1325,15,1,0,0,0,0
1042,64176.0,6,58,1,1497,25,0,0,1,0,1
1043,22304.0,8,67,0,12,2,1,0,0,0,0
1044,67023.0,2,45,0,870,11,1,0,0,1,0
1045,32892.0,8,52,1,41,5,0,1,0,1,0
1046,70713.0,3,57,1,1129,17,1,0,0,1,0
1047,59925.0,6,68,1,670,14,1,0,0,1,0
1048,39722.0,5,70,1,37,4,1,0,0,1,0
1049,46610.0,6,65,0,328,8,1,0,0,1,0
1050,88347.0,1,62,0,1783,12,1,0,0,1,0
1051,87171.0,2,42,0,1152,14,0,1,0,1,0
1052,26907.0,7,47,2,17,3,0,0,1,1,1
1053,50014.0,5,55,1,325,7,0,1,0,0,0
1054,41014.0,7,45,1,15,2,0,1,0,1,0
1055,66294.0,2,58,0,693,8,1,0,0,0,0
1056,36715.0,9,52,1,307,15,1,0,0,1,0
1057,79456.0,3,67,0,1155,12,1,0,0,1,0
1058,40479.0,4,41,1,13,1,1,0,0,1,0
1059,75345.0,3,53,0,1817,14,0,1,0,0,0
1060,54233.0,8,46,1,818,21,1,0,0,1,0
1061,24163.0,4,53,2,12,3,1,0,0,0,0
1062,84460.0,5,65,0,282,18,0,1,0,1,0
1063,43776.0,6,40,1,17,2,1,0,0,1,0
1064,71691.0,2,65,0,877,12,0,1,0,0,0
1065,85844.0,2,50,0,1800,13,0,1,0,1,0
1066,39190.0,5,49,1,94,5,0,1,0,0,0
1067,71367.0,2,64,0,639,10,1,0,0,1,0
1068,38578.0,8,51,2,64,6,0,1,0,0,0
1069,57236.0,3,58,2,114,6,0,1,0,1,0
1070,61825.0,4,44,1,312,7,1,0,0,0,0
1071,79803.0,1,65,1,798,8,1,0,0,0,0
1072,80910.0,1,37,0,609,7,0,0,1,0,1
1073,27590.0,7,41,1,11,2,0,1,0,1,0
1074,56775.0,5,44,1,809,15,1,0,0,1,0
1075,83829.0,1,48,0,1488,11,1,0,0,0,0
1076,54210.0,5,44,1,233,7,0,0,1,1,1
1077,38508.0,8,37,1,345,15,1,0,0,1,0
1078,53187.0,5,53,1,243,7,1,0,0,1,0
1079,30023.0,8,51,1,27,3,1,0,0,1,0
1080,76045.0,2,63,0,1213,10,0,1,0,0,0
1081,50870.0,5,71,1,61,3,0,1,0,1,0
1082,15315.0,5,53,0,24,4,0,0,1,1,1
1083,65463.0,5,49,1,493,10,0,0,1,1,1
1084,66480.0,4,58,2,265,12,1,0,0,1,0
1085,76773.0,1,69,0,1021,5,1,0,0,0,0
1086,81698.0,5,40,0,869,11,0,0,1,0,1
1087,54466.0,5,50,2,16,2,0,1,0,0,0
1088,98777.0,1,63,0,1730,10,0,1,0,0,0
1089,16269.0,8,39,1,40,6,0,1,0,0,0
1090,71819.0,6,52,1,1392,9,1,0,0,1,0
1091,33569.0,8,40,1,36,3,0,1,0,1,0
1092,36262.0,6,40,0,181,9,0,1,0,1,0
1093,22634.0,8,57,0,36,4,0,0,1,1,1
1094,47025.0,9,45,1,578,17,0,0,1,1,1
1095,70566.0,3,55,1,624,13,1,0,0,0,0
1096,31605.0,7,44,1,116,5,0,1,0,1,0
1097,52034.0,7,50,2,239,11,0,1,0,0,0
1098,48526.0,3,44,1,63,4,1,0,0,0,0
1099,46734.0,7,69,1,252,9,1,0,0,1,0
1100,39552.0,8,61,2,315,15,1,0,0,0,0
1101,86358.0,8,57,2,1498,12,1,0,0,0,0
1102,46931.0,3,46,3,58,4,1,0,0,1,0
1103,16581.0,4,38,0,8,1,0,0,1,0,1
1104,63998.0,4,71,0,1023,14,0,0,1,0,1
1105,67381.0,7,72,1,876,8,0,1,0,1,0
1106,25930.0,7,56,2,9,2,1,0,0,0,0
1107,42693.0,5,45,1,32,2,1,0,0,1,0
1108,85606.0,3,47,1,1623,15,1,0,0,1,0
1109,72903.0,4,38,0,1955,13,1,0,0,0,0
1110,49669.0,6,49,1,278,8,0,0,1,1,1
1111,36778.0,9,55,2,67,6,0,1,0,1,0
1112,85696.0,1,61,0,1185,11,0,1,0,0,0
1113,10979.0,5,34,0,22,5,0,1,0,0,0
1114,49678.0,7,62,1,290,10,1,0,0,1,0
1115,56129.0,4,70,1,501,12,0,1,0,1,0
1116,37155.0,5,34,1,49,3,1,0,0,1,0
1117,21282.0,6,45,1,14,5,0,0,1,0,1
1118,33419.0,7,61,1,68,4,0,1,0,0,0
1119,63285.0,3,78,0,881,12,1,0,0,0,0
1120,21255.0,4,49,1,54,7,0,1,0,1,0
1121,42162.0,6,42,1,112,6,1,0,0,1,0
1122,54450.0,8,67,2,625,23,1,0,0,1,0
1123,57744.0,8,69,1,392,12,0,1,0,1,0
1124,26576.0,9,37,1,18,2,1,0,0,0,0
1125,57513.0,6,80,0,958,14,0,1,0,0,0
1126,68142.0,6,59,1,1219,17,1,0,0,1,0
1127,7500.0,8,44,1,10,2,1,0,0,1,0
1128,83145.0,2,49,0,1543,15,1,0,0,1,0
1129,54197.0,1,63,1,205,6,0,1,0,1,0
1130,23091.0,7,60,2,46,7,0,1,0,0,0
1131,46049.0,7,47,2,463,17,1,0,0,1,0
1132,56715.0,4,49,0,602,11,1,0,0,1,0
1133,79410.0,1,62,0,1221,6,1,0,0,1,0
1134,57304.0,5,72,1,765,15,1,0,0,1,0
1135,44375.0,5,58,1,246,6,1,0,0,1,0
1136,54450.0,8,67,2,625,23,1,0,0,1,0
1137,59594.0,7,58,1,490,10,1,0,0,1,0
1138,80685.0,2,29,0,890,11,1,0,0,1,0
1139,40344.0,7,49,1,216,7,0,1,0,1,0
1140,62710.0,4,51,1,559,10,1,0,0,1,0
1141,48985.0,3,55,1,50,3,0,0,1,1,1
1142,35322.0,8,55,3,74,5,1,0,0,1,0
1143,77142.0,2,75,0,713,9,1,0,0,1,0
1144,81657.0,1,54,0,829,8,1,0,0,0,0
1145,14421.0,5,27,0,2,2,0,0,1,1,1
1146,20130.0,8,49,0,9,2,0,0,1,1,1
1147,74214.0,5,33,0,1493,11,0,1,0,1,0
1148,66726.0,7,66,2,391,13,0,1,0,1,0
1149,23724.0,8,44,1,43,4,0,0,1,1,1
1150,47353.0,5,63,1,205,7,0,1,0,1,0
1151,33444.0,8,71,2,16,2,0,1,0,1,0
1152,54386.0,3,42,1,362,7,1,0,0,1,0
1153,28510.0,5,42,2,68,5,1,0,0,0,0
1154,90638.0,1,32,0,2191,8,0,1,0,0,0
1155,48070.0,7,73,1,470,13,1,0,0,1,0
1156,43140.0,6,66,1,218,6,1,0,0,1,0
1157,54959.0,7,62,1,1208,17,0,1,0,0,0
1158,15056.0,5,65,2,21,9,0,0,1,0,1
1159,26954.0,7,52,1,16,2,1,0,0,0,0
1160,22327.0,5,38,1,17,2,1,0,0,0,0
1161,44393.0,4,58,2,46,3,1,0,0,1,0
1162,62000.0,4,71,1,1000,13,0,1,0,0,0
1163,31497.0,8,61,1,137,6,0,1,0,1,0
1164,45894.0,5,49,2,36,2,0,0,1,1,1
1165,78579.0,3,53,0,1431,12,0,1,0,0,0
1166,67369.0,4,54,1,1368,15,0,1,0,0,0
1167,58401.0,4,63,1,21,4,1,0,0,0,0
1168,62307.0,5,71,1,134,5,1,0,0,0,0
1169,43641.0,6,54,2,110,6,0,1,0,1,0
1170,63841.0,6,55,1,750,13,0,1,0,0,0
1171,46891.0,4,58,1,78,4,0,0,1,1,1
1172,70091.0,8,54,1,1135,9,0,1,0,1,0
1173,78075.0,1,51,0,839,9,0,1,0,1,0
1174,59184.0,5,62,1,596,15,0,0,1,0,1
1175,54809.0,4,46,2,126,7,1,0,0,1,0
1176,58113.0,7,64,1,494,14,1,0,0,1,0
1177,51412.0,4,65,1,172,7,0,1,0,1,0
1178,15287.0,7,44,1,11,4,1,0,0,0,0
1179,66636.0,1,66,0,990,8,0,1,0,1,0
1180,50965.0,8,67,1,642,17,0,1,0,1,0
1181,84618.0,2,58,0,1585,16,0,1,0,1,0
1182,18351.0,7,33,0,22,3,1,0,0,1,0
1183,40451.0,5,66,2,39,3,0,1,0,1,0
1184,36317.0,7,58,1,115,5,1,0,0,1,0
1185,42213.0,7,66,1,336,8,1,0,0,1,0
1186,65748.0,1,68,1,338,8,1,0,0,1,0
1187,77044.0,4,51,1,905,20,1,0,0,1,0
1188,74918.0,3,54,0,1944,15,1,0,0,1,0
1189,56721.0,6,51,2,202,10,1,0,0,1,0
1190,42160.0,6,48,2,102,7,1,0,0,0,0
1191,61559.0,3,58,1,450,7,1,0,0,0,0
1192,33629.0,9,60,2,148,9,0,1,0,1,0
1193,68682.0,2,32,0,1424,14,0,1,0,1,0
1194,34377.0,7,60,1,84,6,1,0,0,0,0
1195,8940.0,8,37,1,49,7,0,0,1,0,1
1196,26228.0,8,50,1,12,2,1,0,0,1,0
1197,77297.0,4,66,0,578,13,0,0,1,0,1
1198,40211.0,8,42,2,59,5,1,0,0,1,0
1199,33438.0,5,65,2,79,7,0,1,0,0,0
1200,75032.0,3,64,1,1144,11,0,1,0,1,0
1201,61284.0,6,68,0,739,14,0,1,0,0,0
1202,22518.0,5,37,1,30,5,1,0,0,1,0
1203,54730.0,4,48,1,338,10,0,1,0,1,0
1204,38452.0,7,68,2,70,6,0,1,0,1,0
1205,44421.0,8,52,2,174,10,1,0,0,0,0
1206,38197.0,5,37,1,34,2,0,1,0,1,0
1207,41986.0,4,45,1,40,6,1,0,0,0,0
1208,28427.0,8,40,1,40,4,1,0,0,1,0
1209,37395.0,6,47,1,27,2,0,1,0,1,0
1210,64722.0,6,52,1,583,14,1,0,0,1,0
1211,55249.0,3,67,1,117,4,0,1,0,1,0
1212,84906.0,2,51,0,1426,12,1,0,0,1,0
1213,28691.0,8,34,1,22,2,1,0,0,1,0
1214,44213.0,6,71,2,141,7,1,0,0,0,0
1215,25707.0,7,39,1,9,2,0,0,1,0,1
1216,59062.0,4,56,3,59,4,0,1,0,1,0
1217,76624.0,1,61,1,664,16,1,0,0,0,0
1218,66000.0,1,76,0,565,5,0,1,0,1,0
1219,27683.0,8,45,1,282,12,0,1,0,1,0
1220,7500.0,9,31,1,45,9,0,0,1,0,1
1221,40521.0,5,55,2,17,2,1,0,0,1,0
1222,20427.0,8,50,1,9,2,0,1,0,1,0
1223,65106.0,6,48,1,942,14,1,0,0,1,0
1224,69969.0,3,58,0,1425,7,0,1,0,1,0
1225,67433.0,4,71,2,902,15,1,0,0,1,0
1226,77766.0,6,56,1,1328,23,0,1,0,1,0
1227,74716.0,4,51,1,581,12,1,0,0,1,0
1228,68118.0,6,60,1,741,19,1,0,0,0,0
1229,55158.0,7,53,2,380,13,0,1,0,1,0
1230,62972.0,6,68,1,375,13,0,0,1,1,1
1231,74190.0,2,48,1,318,8,1,0,0,1,0
1232,39356.0,6,47,2,17,2,1,0,0,1,0
1233,76653.0,2,54,0,1745,12,1,0,0,1,0
1234,35860.0,5,50,2,23,4,0,1,0,0,0
1235,90687.0,2,40,0,1671,9,0,1,0,0,0
1236,73450.0,3,41,0,1608,16,0,1,0,1,0
1237,31454.0,8,63,2,39,5,1,0,0,1,0
1238,47139.0,7,71,2,58,5,1,0,0,0,0
1239,83829.0,1,48,0,1488,11,1,0,0,0,0
1240,53378.0,8,60,2,647,23,0,1,0,1,0
1241,19656.0,7,53,1,38,6,1,0,0,1,0
1242,45579.0,6,75,1,179,6,0,1,0,1,0
1243,85485.0,2,65,0,1267,13,0,0,1,0,1
1244,55956.0,4,79,0,902,12,1,0,0,1,0
1245,64191.0,3,60,1,621,11,0,1,0,0,0
1246,38808.0,8,51,1,194,10,1,0,0,0,0
1247,57183.0,8,57,2,533,18,0,1,0,1,0
1248,23748.0,8,55,1,41,6,0,1,0,0,0
1249,66303.0,8,52,1,1198,11,1,0,0,1,0
1250,37368.0,6,48,1,16,2,0,1,0,1,0
1251,40800.0,7,59,3,51,5,1,0,0,1,0
1252,71847.0,3,45,0,864,13,1,0,0,0,0
1253,46149.0,5,48,1,331,11,1,0,0,1,0
1254,78687.0,2,40,0,1689,11,1,0,0,1,0
1255,49118.0,7,52,0,913,18,0,0,1,0,1
1256,37633.0,9,66,2,37,3,0,1,0,1,0
1257,39767.0,8,72,0,378,10,0,1,0,1,0
1258,26997.0,7,72,0,108,8,0,0,1,1,1
1259,33986.0,7,53,1,36,2,1,0,0,0,0
1260,57091.0,7,51,1,486,13,0,1,0,1,0
1261,46831.0,4,54,2,34,5,0,0,1,1,1
1262,83151.0,2,51,0,1957,13,0,1,0,1,0
1263,52531.0,6,52,0,546,11,1,0,0,1,0
1264,15759.0,7,67,0,8,2,1,0,0,1,0
1265,22804.0,9,52,1,22,3,1,0,0,0,0
1266,43050.0,5,50,1,59,4,0,0,1,1,1
1267,42997.0,7,46,2,9,2,0,1,0,0,0
1268,48918.0,4,60,2,61,3,0,1,0,0,0
1269,60033.0,2,69,1,120,5,0,1,0,1,0
1270,34043.0,9,45,1,36,3,0,1,0,1,0
1271,57811.0,5,57,1,666,14,1,0,0,1,0
1272,78569.0,1,77,0,1259,11,1,0,0,1,0
1273,7500.0,6,45,2,15,7,1,0,0,0,0
1274,94384.0,2,70,0,1925,13,1,0,0,1,0
1275,23148.0,7,38,0,18,3,0,0,1,1,1
1276,44267.0,9,53,2,253,12,1,0,0,0,0
1277,71626.0,3,44,0,994,11,1,0,0,1,0
1278,60894.0,7,57,1,768,18,1,0,0,1,0
1279,50200.0,8,47,2,323,14,1,0,0,1,0
1280,81051.0,2,58,0,1420,11,0,1,0,1,0
1281,65169.0,6,41,0,1143,15,1,0,0,1,0
1282,59868.0,6,51,1,976,20,1,0,0,1,0
1283,65695.0,4,63,1,592,11,0,1,0,1,0
1284,64857.0,4,67,0,1287,13,0,1,0,0,0
1285,45143.0,7,58,1,281,10,0,1,0,1,0
1286,74805.0,2,68,1,580,16,0,0,1,1,1
1287,59060.0,4,34,1,186,7,0,0,1,1,1
1288,27238.0,9,61,2,54,6,0,1,0,0,0
1289,47009.0,4,58,1,289,9,1,0,0,1,0
1290,46094.0,7,50,2,34,2,0,0,1,1,1
1291,40321.0,7,51,2,69,5,1,0,0,1,0
1292,37235.0,4,39,1,31,3,1,0,0,1,0
1293,81843.0,3,63,0,1402,15,0,1,0,1,0
1294,46692.0,6,65,1,273,10,0,1,0,1,0
1295,77382.0,1,55,1,770,14,1,0,0,1,0
1296,37774.0,9,46,2,288,13,1,0,0,0,0
1297,18393.0,8,49,1,30,5,0,0,1,1,1
1298,72828.0,7,61,1,1440,15,0,1,0,1,0
1299,24711.0,7,41,0,42,4,1,0,0,1,0
1300,45503.0,5,48,1,145,5,0,1,0,1,0
1302,71604.0,4,78,0,926,12,0,1,0,1,0
1303,27244.0,7,44,1,28,6,1,0,0,1,0
1304,48752.0,9,54,2,230,12,1,0,0,1,0
1305,71434.0,4,61,1,964,14,1,0,0,1,0
1306,90842.0,1,75,0,962,14,1,0,0,0,0
1307,88097.0,9,45,1,643,12,0,1,0,1,0
1308,51948.0,5,48,1,169,9,1,0,0,1,0
1309,71853.0,1,41,0,879,11,1,0,0,1,0
1310,35876.0,6,40,0,108,5,0,1,0,1,0
1311,40049.0,6,71,1,26,2,1,0,0,0,0
1312,39660.0,9,41,1,230,11,1,0,0,0,0
1313,50127.0,6,61,1,295,7,1,0,0,1,0
1314,43263.0,5,46,1,329,10,0,1,0,1,0
1315,62845.0,8,74,2,1144,18,0,1,0,1,0
1316,18929.0,6,33,0,40,2,1,0,0,1,0
1317,24367.0,9,41,1,8,2,0,0,1,0,1
1318,33249.0,6,48,1,37,5,1,0,0,0,0
1319,26887.0,6,64,1,17,2,0,0,1,1,1
1320,50150.0,5,40,0,273,9,0,1,0,1,0
1321,62061.0,6,47,1,732,17,1,0,0,1,0
1322,85696.0,1,61,0,1185,11,0,1,0,0,0
1323,76542.0,2,67,0,1440,13,0,1,0,1,0
1324,70515.0,2,30,0,872,13,1,0,0,0,0
1325,18227.0,8,36,1,10,2,1,0,0,1,0
1326,69139.0,4,58,1,173,6,1,0,0,1,0
1327,69109.0,4,41,0,1307,13,1,0,0,1,0
1328,69627.0,5,61,1,607,12,1,0,0,0,0
1329,38136.0,8,45,1,50,6,1,0,0,1,0
1330,62159.0,4,77,0,458,9,0,1,0,0,0
1331,80695.0,2,60,0,1670,14,1,0,0,0,0
1332,33316.0,6,52,2,111,6,0,1,0,0,0
1333,58554.0,7,55,2,460,16,1,0,0,1,0
1334,17256.0,8,31,1,24,5,0,0,1,1,1
1335,53034.0,8,49,2,371,15,1,0,0,0,0
1336,52203.0,6,73,0,747,16,0,0,1,1,1
1337,59601.0,8,46,1,767,8,0,0,1,0,1
1338,75154.0,3,65,1,758,10,0,1,0,0,0
1339,47025.0,6,47,1,369,12,1,0,0,0,0
1340,37971.0,8,50,1,19,2,1,0,0,1,0
1341,41335.0,7,55,1,152,8,0,1,0,0,0
1342,67267.0,2,65,1,204,6,1,0,0,1,0
1343,57338.0,5,48,1,201,7,1,0,0,0,0
1344,50523.0,6,63,2,79,4,0,0,1,1,1
1345,35791.0,8,58,3,32,3,0,1,0,0,0
1346,50611.0,6,63,1,483,15,0,1,0,0,0
1347,56242.0,6,54,1,864,17,0,1,0,1,0
1348,48904.0,8,63,1,331,13,1,0,0,0,0
1349,56243.0,5,48,3,382,12,1,0,0,0,0
1350,21355.0,6,38,1,32,5,1,0,0,1,0
1351,57420.0,7,52,1,298,9,0,1,0,1,0
1352,46390.0,7,68,1,173,7,0,1,0,0,0
1353,54342.0,6,67,2,128,8,0,0,1,1,1
1354,20895.0,9,50,1,38,3,1,0,0,1,0
1355,92344.0,1,75,0,1710,15,1,0,0,1,0
1356,26907.0,7,47,2,17,3,0,0,1,1,1
1357,44964.0,8,43,2,37,2,1,0,0,1,0
1358,75507.0,3,44,0,1176,15,1,0,0,1,0
1359,53761.0,5,51,2,234,14,0,1,0,1,0
1360,22682.0,4,50,1,53,6,1,0,0,1,0
1361,38887.0,7,51,1,39,2,0,1,0,1,0
1362,41658.0,4,48,2,24,4,0,0,1,0,1
1363,29791.0,5,51,1,20,4,0,1,0,1,0
1364,63915.0,5,67,2,744,11,0,1,0,1,0
1365,39996.0,6,49,2,14,2,1,0,0,0,0
1366,26759.0,6,51,1,44,5,1,0,0,0,0
1367,63841.0,6,55,1,750,13,0,1,0,0,0
1368,51039.0,7,54,2,243,10,0,1,0,1,0
1369,60544.0,6,62,2,246,10,1,0,0,1,0
1370,65685.0,5,51,1,705,12,1,0,0,1,0
1371,37716.0,7,70,1,139,7,1,0,0,1,0
1372,36864.0,8,66,1,248,10,1,0,0,0,0
1373,44511.0,8,53,1,653,18,0,1,0,1,0
1374,36947.0,9,56,2,112,7,0,1,0,1,0
1375,47352.0,7,72,1,296,11,0,1,0,1,0
1376,67087.0,4,70,1,586,14,0,1,0,1,0
1377,57045.0,3,73,1,413,9,1,0,0,1,0
1378,36957.0,9,70,2,118,9,0,1,0,0,0
1379,69389.0,4,46,1,667,10,0,1,0,1,0
1380,80134.0,6,51,1,1506,10,1,0,0,1,0
1381,43142.0,7,54,2,13,2,0,1,0,1,0
1382,80589.0,1,79,0,1120,16,1,0,0,1,0
1383,34412.0,9,33,1,114,8,1,0,0,0,0
1384,57537.0,4,44,1,386,11,1,0,0,0,0
1385,22634.0,8,57,0,36,4,0,0,1,1,1
1386,51315.0,2,75,0,135,5,1,0,0,1,0
1387,36026.0,6,51,3,34,4,1,0,0,1,0
1388,24639.0,6,50,2,39,5,1,0,0,1,0
1389,34578.0,6,51,3,8,2,0,1,0,1,0
1390,65704.0,1,51,0,525,13,0,0,1,0,1
1391,63810.0,8,57,1,1242,11,1,0,0,0,0
1392,54132.0,7,54,1,39,2,0,1,0,1,0
1393,18690.0,8,64,0,14,3,1,0,0,1,0
1394,28164.0,7,53,1,47,5,1,0,0,1,0
1395,34596.0,8,49,1,16,2,0,1,0,1,0
1396,43269.0,8,51,1,18,2,0,1,0,1,0
1397,38741.0,7,65,2,34,4,0,0,1,0,1
1398,31907.0,7,51,0,184,8,1,0,0,0,0
1399,27100.0,7,40,1,25,2,0,1,0,1,0
1400,31163.0,6,50,1,15,2,0,0,1,0,1
1401,92533.0,2,38,0,832,12,1,0,0,1,0
1402,34853.0,6,50,2,27,4,1,0,0,0,0
1403,70844.0,7,56,2,222,12,1,0,0,0,0
1404,31086.0,8,44,2,29,4,0,0,1,1,1
1405,60544.0,6,62,2,246,10,1,0,0,1,0
1406,20491.0,7,37,0,14,2,0,0,1,1,1
1407,42523.0,2,59,0,61,3,1,0,0,1,0
1408,39922.0,8,40,1,100,5,1,0,0,1,0
1409,33402.0,8,71,2,47,6,1,0,0,1,0
1410,36408.0,6,74,2,14,2,0,1,0,1,0
1411,21645.0,9,44,1,37,6,1,0,0,1,0
1412,78427.0,3,75,0,1586,13,0,1,0,0,0
1413,82657.0,4,77,0,1806,13,1,0,0,1,0
1414,51876.0,1,65,0,228,5,1,0,0,1,0
1415,78041.0,2,52,0,1070,9,0,0,1,1,1
1416,52852.0,8,66,1,821,21,1,0,0,1,0
1417,70038.0,2,41,0,989,9,0,1,0,1,0
1418,69401.0,2,50,1,585,12,0,0,1,1,1
1419,46053.0,5,51,1,158,8,1,0,0,1,0
1420,77343.0,1,58,0,951,8,1,0,0,1,0
1421,73892.0,1,70,0,1406,15,1,0,0,0,0
1422,40304.0,7,56,1,54,3,0,1,0,0,0
1423,32727.0,8,58,0,360,12,0,1,0,1,0
1424,68695.0,2,54,0,895,9,1,0,0,1,0
1425,43300.0,8,52,1,146,7,1,0,0,0,0
1426,26290.0,6,51,2,39,6,1,0,0,1,0
1427,93790.0,2,53,0,2101,13,1,0,0,0,0
1428,38410.0,6,49,0,340,9,0,1,0,1,0
1429,64866.0,5,73,1,534,14,0,1,0,0,0
1430,57957.0,3,64,1,526,17,1,0,0,1,0
1431,46015.0,7,68,2,40,2,0,1,0,1,0
1432,16531.0,7,45,1,21,6,1,0,0,1,0
1433,28072.0,7,37,1,40,2,0,1,0,1,0
1434,49476.0,2,60,1,504,17,0,1,0,0,0
1435,50725.0,8,70,1,528,13,1,0,0,1,0
1436,83844.0,1,71,0,1277,9,1,0,0,1,0
1437,41145.0,3,73,2,12,1,0,1,0,1,0
1438,67419.0,5,53,1,1282,17,1,0,0,1,0
1439,23162.0,6,53,2,20,5,0,0,1,1,1
1440,34380.0,8,46,1,137,9,1,0,0,1,0
1441,34704.0,5,57,1,34,2,1,0,0,0,0
1442,94871.0,7,54,2,746,14,0,1,0,1,0
1443,65148.0,4,65,1,917,14,1,0,0,1,0
1444,39898.0,7,69,1,103,5,1,0,0,1,0
1445,64857.0,4,67,0,1287,13,0,1,0,0,0
1446,59892.0,3,53,1,86,4,0,1,0,1,0
1447,41020.0,3,36,0,167,6,0,1,0,0,0
1448,57072.0,5,62,1,1004,14,0,1,0,1,0
1449,60474.0,7,44,1,767,19,1,0,0,0,0
1450,62807.0,5,63,1,689,11,1,0,0,1,0
1451,19414.0,8,42,1,17,2,0,0,1,1,1
1452,19107.0,7,43,1,15,3,1,0,0,1,0
1453,75484.0,4,47,1,734,12,0,0,1,1,1
1454,70379.0,4,47,1,720,12,0,1,0,0,0
1455,79419.0,2,53,0,1565,11,0,1,0,1,0
1456,64014.0,7,77,3,436,17,0,1,0,1,0
1457,76998.0,6,68,1,1699,21,1,0,0,1,0
1458,49854.0,6,51,1,311,13,0,1,0,1,0
1459,60585.0,5,52,2,618,21,0,1,0,1,0
1460,42873.0,8,73,2,249,11,0,1,0,0,0
1461,87679.0,4,35,0,2246,19,1,0,0,1,0
1462,57867.0,6,45,1,557,16,1,0,0,1,0
1463,35765.0,6,33,1,55,4,1,0,0,1,0
1464,65492.0,2,64,0,703,13,1,0,0,1,0
1465,32952.0,7,46,1,50,3,1,0,0,0,0
1466,53374.0,9,54,1,1007,12,0,1,0,1,0
1467,71706.0,5,64,1,1240,18,1,0,0,1,0
1468,68487.0,4,35,0,1155,17,1,0,0,1,0
1469,53253.0,5,48,2,282,14,0,1,0,1,0
1470,31163.0,6,50,1,15,2,0,0,1,0,1
1471,42014.0,8,46,1,367,14,1,0,0,1,0
1472,54108.0,8,50,2,636,23,0,1,0,1,0
1473,49667.0,8,68,0,1327,17,0,1,0,0,0
1474,63206.0,2,49,0,883,8,0,1,0,1,0
1475,57136.0,6,51,2,420,16,0,1,0,1,0
1476,46772.0,8,48,1,643,25,0,0,1,1,1
1477,78931.0,1,52,0,698,11,0,1,0,1,0
1478,53977.0,5,65,1,801,15,1,0,0,1,0
1479,84219.0,1,35,0,971,8,1,0,0,1,0
1480,46098.0,8,48,2,84,9,0,1,0,0,0
1481,73538.0,7,58,1,1315,17,1,0,0,1,0
1482,79529.0,2,37,0,1171,13,1,0,0,1,0
1483,20981.0,8,46,0,24,5,0,0,1,1,1
1484,51766.0,5,43,1,198,8,1,0,0,0,0
1485,55759.0,8,61,1,760,18,1,0,0,1,0
1486,33039.0,5,45,1,50,3,1,0,0,1,0
1487,37787.0,8,51,1,81,4,0,1,0,1,0
1488,27242.0,9,53,1,46,4,1,0,0,0,0
1489,87188.0,3,40,0,1745,13,0,1,0,0,0
1490,69930.0,3,52,0,1177,10,1,0,0,1,0
1491,37697.0,6,47,1,61,4,1,0,0,0,0
1492,37401.0,7,50,1,41,4,0,1,0,1,0
1493,3502.0,14,50,1,4,0,1,0,0,0,0
1494,58597.0,7,47,2,674,23,1,0,0,1,0
1495,82032.0,1,75,0,903,10,0,1,0,0,0
1496,28087.0,7,65,2,78,7,1,0,0,1,0
1497,74004.0,3,36,0,1392,11,0,1,0,0,0
1498,19740.0,5,63,1,21,4,1,0,0,1,0
1499,57036.0,9,48,1,1433,13,0,0,1,1,1
1500,53083.0,7,65,2,255,12,0,0,1,1,1
1501,69283.0,5,48,1,870,14,0,1,0,1,0
1502,46098.0,8,48,2,84,9,0,1,0,0,0
1503,23331.0,8,35,1,48,5,0,0,1,1,1
1504,23331.0,9,35,1,225,12,0,0,1,0,1
1505,9255.0,8,34,1,16,3,1,0,0,0,0
1506,67786.0,1,64,0,954,10,0,1,0,0,0
1507,71969.0,8,52,1,1076,10,0,1,0,1,0
1508,59235.0,7,56,1,957,16,0,1,0,0,0
1509,31928.0,7,34,1,61,5,1,0,0,1,0
1510,74881.0,5,62,2,847,15,0,1,0,1,0
1511,65819.0,3,45,0,1006,10,1,0,0,1,0
1512,51411.0,5,70,3,17,1,0,1,0,0,0
1513,51983.0,7,59,1,746,14,1,0,0,0,0
1514,42386.0,8,37,1,85,4,0,1,0,1,0
1515,30390.0,6,36,0,34,3,0,0,1,1,1
1516,30983.0,8,60,0,105,5,1,0,0,0,0
1517,66033.0,7,66,1,507,13,1,0,0,0,0
1518,37284.0,6,48,2,14,1,0,0,1,1,1
1519,57530.0,1,72,1,78,3,0,1,0,0,0
1520,76800.0,1,58,0,454,9,0,0,1,1,1
1521,63943.0,5,67,1,975,11,1,0,0,1,0
1522,76081.0,2,61,0,737,10,1,0,0,1,0
1523,67445.0,6,49,1,1054,20,1,0,0,1,0
1524,37054.0,7,56,2,19,3,0,1,0,1,0
1525,47175.0,8,61,2,213,13,0,1,0,1,0
1526,31859.0,7,47,1,7,2,1,0,0,0,0
1527,27215.0,6,62,3,57,7,1,0,0,0,0
1528,70179.0,5,47,1,788,13,0,1,0,0,0
1529,39922.0,8,40,1,100,5,1,0,0,1,0
1530,49681.0,7,47,2,437,14,0,1,0,1,0
1531,24645.0,8,35,1,12,2,1,0,0,1,0
1532,79865.0,1,69,1,448,16,1,0,0,0,0
1533,44322.0,8,38,1,86,5,1,0,0,1,0
1534,47958.0,5,71,1,367,11,1,0,0,0,0
1535,63972.0,4,59,1,1245,13,0,1,0,0,0
1536,75315.0,2,69,1,645,11,1,0,0,1,0
1537,55517.0,9,73,2,591,17,0,1,0,1,0
1538,75283.0,4,66,3,922,20,0,1,0,1,0
1539,82800.0,3,77,0,1143,14,0,1,0,0,0
1540,38998.0,8,69,2,49,5,1,0,0,1,0
1541,90638.0,1,32,0,2191,8,0,1,0,0,0
1542,27161.0,7,37,1,34,2,0,1,0,1,0
1543,42014.0,8,46,1,367,14,1,0,0,1,0
1544,38201.0,8,63,1,256,10,0,1,0,1,0
1545,45203.0,6,41,2,105,5,1,0,0,1,0
1546,81574.0,1,76,0,1717,10,0,1,0,1,0
1547,34935.0,7,31,0,104,4,1,0,0,1,0
1548,60482.0,7,47,1,432,10,0,1,0,0,0
1549,34633.0,6,67,3,14,2,1,0,0,1,0
1550,78093.0,1,76,0,1039,12,0,1,0,1,0
1551,82460.0,1,73,0,875,9,1,0,0,0,0
1552,45903.0,4,57,1,51,5,0,1,0,1,0
1553,81361.0,1,36,0,610,14,1,0,0,0,0
1554,35860.0,5,50,2,23,4,0,1,0,0,0
1555,40442.0,7,71,2,109,8,0,1,0,1,0
1556,61482.0,2,58,0,174,6,1,0,0,1,0
1557,34968.0,7,43,1,209,12,1,0,0,1,0
1558,75794.0,3,36,0,1539,13,1,0,0,1,0
1559,31497.0,8,61,1,137,6,0,1,0,1,0
1560,74268.0,2,68,0,580,8,1,0,0,1,0
1561,13724.0,9,35,1,14,3,0,0,1,1,1
1562,45143.0,7,58,1,281,10,0,1,0,1,0
1563,52569.0,3,56,1,88,3,0,1,0,0,0
1564,48432.0,8,50,1,375,13,0,1,0,0,0
1565,17144.0,7,63,2,39,8,0,1,0,1,0
1566,36108.0,9,39,1,278,11,1,0,0,0,0
1567,76445.0,6,52,1,1155,8,1,0,0,1,0
1568,36663.0,2,48,1,24,3,0,1,0,1,0
1569,53843.0,7,58,1,466,17,0,1,0,1,0
1570,90226.0,2,67,0,1840,12,0,1,0,1,0
1571,70638.0,3,68,0,1243,10,0,1,0,0,0
1572,44512.0,4,63,2,30,3,1,0,0,1,0
1573,27116.0,7,62,2,34,4,1,0,0,1,0
1574,54072.0,8,60,2,39,3,0,1,0,1,0
1575,71855.0,3,46,1,1001,14,1,0,0,1,0
1576,51250.0,9,33,1,604,20,0,0,1,0,1
1577,60432.0,6,50,1,383,14,0,1,0,1,0
1578,65526.0,2,59,1,485,9,0,1,0,1,0
1579,68655.0,3,35,0,1307,10,1,0,0,0,0
1580,12393.0,9,45,0,26,3,0,0,1,1,1
1581,64509.0,4,33,0,1596,10,1,0,0,0,0
1582,33955.0,8,48,1,230,10,1,0,0,0,0
1583,31353.0,8,46,2,20,4,1,0,0,1,0
1584,55434.0,4,39,1,568,11,1,0,0,1,0
1585,28359.0,7,40,1,11,2,1,0,0,1,0
1586,57100.0,3,36,1,268,7,1,0,0,0,0
1587,69139.0,4,58,1,173,6,1,0,0,1,0
1588,52973.0,8,67,1,932,22,0,1,0,1,0
1589,51717.0,7,58,1,116,4,0,1,0,1,0
1590,18793.0,8,52,1,40,5,1,0,0,1,0
1591,66664.0,3,41,0,941,13,0,0,1,1,1
1592,50664.0,9,64,2,425,18,1,0,0,0,0
1593,54414.0,4,60,2,143,8,1,0,0,1,0
1594,54549.0,7,71,1,224,8,0,1,0,1,0
1595,47111.0,9,52,1,819,11,0,1,0,0,0
1596,41003.0,6,60,0,398,9,0,1,0,0,0
1597,19444.0,7,41,1,39,8,1,0,0,1,0
1598,36301.0,7,47,1,58,4,0,0,1,1,1
1599,73059.0,4,76,1,942,13,0,1,0,1,0
1600,42731.0,5,54,1,212,8,0,1,0,1,0
1601,52854.0,5,64,2,115,5,0,1,0,1,0
1602,22775.0,8,45,1,14,2,1,0,0,1,0
1603,46681.0,5,75,2,353,12,0,1,0,1,0
1604,59821.0,8,68,1,699,19,0,1,0,1,0
1605,50002.0,7,69,1,519,12,1,0,0,0,0
1606,69755.0,1,78,0,667,10,1,0,0,1,0
1607,44078.0,5,54,2,35,4,1,0,0,1,0
1608,30560.0,7,47,1,15,2,0,1,0,1,0
1609,35924.0,5,54,2,22,2,0,1,0,1,0
1610,64140.0,5,59,2,1520,12,0,1,0,0,0
1611,56386.0,9,42,2,492,18,1,0,0,1,0
1612,24594.0,5,44,1,10,2,0,0,1,1,1
1613,75774.0,4,42,1,495,13,0,0,1,1,1
1614,39228.0,4,63,0,14,1,0,1,0,0,0
1615,58494.0,6,49,1,373,10,0,1,0,1,0
1616,58684.0,2,42,0,693,9,1,0,0,0,0
1617,57136.0,6,56,0,1006,13,1,0,0,0,0
1618,56551.0,4,73,2,103,6,0,1,0,0,0
1619,22448.0,3,41,1,12,6,1,0,0,1,0
1620,82014.0,6,62,0,1282,10,1,0,0,0,0
1621,34213.0,9,60,2,82,7,1,0,0,0,0
1622,25358.0,6,76,1,24,3,0,1,0,0,0
1623,35544.0,7,45,1,58,3,0,1,0,0,0
1624,36634.0,7,69,1,298,10,0,1,0,1,0
1625,62670.0,3,69,1,661,9,0,1,0,1,0
1626,50334.0,6,51,1,460,17,0,0,1,1,1
1627,72066.0,2,42,0,1573,11,1,0,0,0,0
1628,50729.0,6,65,2,395,17,0,1,0,0,0
1629,34916.0,9,55,2,156,10,1,0,0,1,0
1630,64892.0,4,47,1,781,12,1,0,0,0,0
1631,43602.0,6,57,2,36,7,1,0,0,0,0
1632,33996.0,4,34,0,57,3,0,1,0,0,0
1633,41473.0,7,38,1,49,3,0,0,1,0,1
1634,63246.0,4,56,2,714,10,0,1,0,1,0
1635,36732.0,2,64,2,29,5,0,1,0,1,0
1636,69084.0,8,53,1,1487,12,0,1,0,1,0
1637,77766.0,6,56,1,1328,23,0,1,0,1,0
1638,37929.0,7,38,0,250,8,0,1,0,0,0
1639,86610.0,2,72,0,1321,12,1,0,0,1,0
1640,80141.0,6,37,0,1959,12,0,1,0,1,0
1641,72635.0,3,68,0,735,15,0,0,1,1,1
1642,69016.0,5,53,1,1142,21,1,0,0,1,0
1643,20193.0,4,32,0,38,3,0,0,1,1,1
1644,27573.0,8,48,1,175,10,1,0,0,1,0
1645,15862.0,8,44,1,6,2,0,0,1,0,1
1646,49544.0,7,47,1,381,8,0,1,0,1,0
1647,33228.0,7,43,1,55,3,1,0,0,1,0
1648,70440.0,3,45,0,1306,16,1,0,0,1,0
1649,38232.0,5,52,2,76,8,1,0,0,1,0
1650,22554.0,5,68,2,37,6,0,1,0,1,0
1651,23536.0,3,40,1,9,1,0,1,0,1,0
1652,49413.0,5,71,1,253,8,1,0,0,1,0
1653,42231.0,5,54,2,32,2,1,0,0,1,0
1654,78789.0,2,43,0,1567,11,0,1,0,0,0
1655,56534.0,8,55,1,759,18,1,0,0,1,0
1656,58350.0,6,52,1,725,15,1,0,0,0,0
1657,81217.0,1,34,0,887,11,1,0,0,0,0
1658,49090.0,7,72,1,581,12,1,0,0,0,0
1659,61787.0,5,36,0,1108,13,0,1,0,0,0
1660,18169.0,8,38,1,14,2,0,1,0,1,0
1661,24336.0,7,42,1,9,2,0,0,1,0,1
1662,18222.0,8,33,0,35,3,1,0,0,1,0
1663,62335.0,2,71,1,591,8,1,0,0,0,0
1664,42033.0,7,52,2,16,2,0,0,1,1,1
1665,86580.0,1,40,0,680,6,0,1,0,1,0
1666,41437.0,7,66,2,31,2,0,1,0,0,0
1667,73705.0,5,72,2,1223,17,0,1,0,0,0
1668,61064.0,6,47,1,855,17,1,0,0,1,0
1669,38452.0,7,68,2,70,6,0,1,0,1,0
1670,18358.0,7,34,1,33,6,1,0,0,0,0
1671,55012.0,5,50,1,647,16,0,1,0,1,0
1672,9722.0,8,50,1,39,8,0,0,1,1,1
1673,38175.0,7,39,1,145,7,0,1,0,1,0
1674,58656.0,6,67,1,1168,19,0,1,0,1,0
1675,52117.0,7,58,1,229,9,1,0,0,1,0
1676,64813.0,5,45,1,417,10,1,0,0,1,0
1677,54222.0,3,50,1,242,7,0,1,0,1,0
1678,83512.0,1,37,0,1956,12,1,0,0,1,0
1679,77520.0,4,64,1,1380,16,0,1,0,1,0
1680,41154.0,5,45,1,57,2,1,0,0,1,0
1681,80398.0,3,57,0,1329,14,1,0,0,1,0
1682,18746.0,6,31,1,23,5,0,0,1,0,1
1683,35196.0,8,39,1,228,13,1,0,0,1,0
1684,60230.0,5,67,1,907,11,1,0,0,0,0
1685,22108.0,7,46,2,17,4,1,0,0,1,0
1686,44392.0,7,49,2,163,10,1,0,0,1,0
1687,55424.0,6,47,1,707,16,0,1,0,1,0
1688,17688.0,8,44,1,5,2,1,0,0,1,0
1689,92491.0,3,40,0,1958,13,0,1,0,1,0
1690,90273.0,2,32,0,1686,12,1,0,0,0,0
1691,82571.0,2,61,0,1450,11,0,1,0,0,0
1692,38513.0,8,41,1,290,12,0,1,0,0,0
1693,16653.0,6,44,1,43,6,0,1,0,0,0
1694,42586.0,8,68,2,252,10,1,0,0,1,0
1695,23529.0,6,58,1,29,3,0,0,1,0,1
1696,74881.0,5,62,2,847,15,0,1,0,1,0
1697,71107.0,4,72,1,760,15,1,0,0,1,0
1698,46910.0,6,59,2,62,4,0,1,0,1,0
1699,18690.0,8,64,0,14,3,1,0,0,1,0
1700,37244.0,7,68,2,30,3,1,0,0,0,0
1701,82427.0,1,57,0,1138,9,1,0,0,1,0
1702,75342.0,4,65,1,398,8,0,0,1,0,1
1703,70044.0,5,69,1,1323,21,1,0,0,0,0
1704,79146.0,6,56,2,484,11,1,0,0,0,0
1705,77437.0,1,60,0,1023,10,1,0,0,1,0
1706,54984.0,7,64,1,317,11,1,0,0,1,0
1707,42403.0,8,52,1,34,2,0,1,0,1,0
1708,55761.0,6,59,1,149,7,1,0,0,1,0
1709,37292.0,8,40,1,361,14,1,0,0,1,0
1710,45576.0,8,78,0,104,5,0,1,0,0,0
1711,70321.0,4,76,0,1077,12,1,0,0,1,0
1712,58086.0,8,54,1,777,16,0,1,0,0,0
1713,81795.0,2,71,0,1149,16,1,0,0,1,0
1714,28389.0,7,76,0,9,2,0,0,1,1,1
1715,66835.0,2,77,0,841,11,0,1,0,1,0
1716,69901.0,5,54,1,539,13,1,0,0,0,0
1717,80360.0,2,74,0,2033,10,0,1,0,1,0
1718,63342.0,6,62,1,1057,14,0,1,0,1,0
1719,44989.0,6,49,1,204,11,1,0,0,1,0
1720,31859.0,7,43,1,14,2,0,0,1,0,1
1721,51569.0,8,74,1,427,12,0,1,0,0,0
1722,30372.0,7,52,2,27,5,1,0,0,0,0
1723,16014.0,3,44,2,16,6,0,0,1,0,1
1724,41120.0,6,55,2,49,6,1,0,0,1,0
1725,39763.0,9,52,1,141,8,0,1,0,0,0
1726,38725.0,4,68,2,37,3,0,1,0,1,0
1727,77981.0,5,51,1,462,14,1,0,0,1,0
1728,62905.0,4,59,1,337,12,0,0,1,1,1
1729,13533.0,7,44,1,23,4,0,0,1,0,1
1730,59481.0,2,48,1,266,8,1,0,0,1,0
1731,72117.0,5,46,1,898,17,1,0,0,1,0
1732,21955.0,6,37,1,13,5,0,0,1,1,1
1733,67131.0,6,67,1,786,14,1,0,0,1,0
1734,36802.0,5,43,1,19,2,0,1,0,0,0
1735,71853.0,1,41,0,879,11,1,0,0,1,0
1736,28249.0,6,62,0,17,3,0,0,1,1,1
1737,47808.0,7,48,1,150,7,0,1,0,1,0
1738,25509.0,9,49,1,73,6,0,1,0,0,0
1739,51012.0,6,77,0,174,6,0,1,0,1,0
1740,70596.0,2,38,0,925,9,1,0,0,0,0
1741,85431.0,0,71,0,891,10,0,1,0,1,0
1742,42664.0,6,56,1,24,2,1,0,0,1,0
1743,42586.0,8,68,2,252,10,1,0,0,1,0
1744,29760.0,8,38,1,136,8,1,0,0,0,0
1745,28973.0,8,46,0,252,8,0,1,0,1,0
1746,39435.0,7,50,1,89,5,0,1,0,1,0
1747,65370.0,1,39,0,205,6,0,0,1,1,1
1748,20194.0,6,44,1,11,4,0,0,1,0,1
1749,42473.0,5,47,2,115,6,0,1,0,0,0
1750,64590.0,6,55,0,1226,14,1,0,0,1,0
1751,71232.0,7,64,1,840,15,1,0,0,1,0
1752,34600.0,8,52,2,292,12,1,0,0,1,0
1753,46904.0,8,56,2,213,10,1,0,0,0,0
1754,49094.0,6,50,1,414,14,1,0,0,1,0
1755,36075.0,6,40,1,76,3,1,0,0,1,0
1756,60839.0,8,44,2,749,17,0,0,1,1,1
1757,77298.0,3,44,1,832,13,1,0,0,1,0
1758,34026.0,5,73,2,39,6,1,0,0,1,0
1759,48918.0,4,60,2,61,3,0,1,0,0,0
1760,82122.0,1,61,0,1106,13,0,0,1,1,1
1761,37697.0,6,47,1,61,4,1,0,0,0,0
1762,34074.0,6,71,2,177,11,1,0,0,1,0
1763,28520.0,6,63,2,21,3,0,1,0,1,0
1764,62535.0,3,68,1,301,6,1,0,0,0,0
1765,36273.0,6,46,1,62,5,0,1,0,0,0
1766,63404.0,4,59,2,830,11,1,0,0,1,0
1767,75774.0,4,42,1,495,13,0,0,1,1,1
1768,78416.0,3,47,1,770,16,1,0,0,1,0
1769,75702.0,6,49,1,1702,16,1,0,0,1,0
1770,59385.0,5,72,2,145,6,0,1,0,1,0
1771,37070.0,7,57,2,375,15,1,0,0,0,0
1772,44689.0,7,72,2,23,4,1,0,0,1,0
1773,53977.0,5,65,1,801,15,1,0,0,1,0
1774,18701.0,5,59,2,18,6,1,0,0,0,0
1775,90369.0,1,67,0,1324,11,1,0,0,1,0
1776,63159.0,3,49,0,1585,9,0,1,0,0,0
1777,37758.0,8,57,2,39,3,1,0,0,1,0
1778,46757.0,9,60,1,970,14,0,1,0,0,0
1779,79734.0,1,54,0,812,8,0,1,0,1,0
1780,63207.0,7,31,0,1172,6,1,0,0,1,0
1781,72071.0,2,69,1,900,12,1,0,0,0,0
1782,21840.0,9,40,1,26,2,0,1,0,1,0
1783,58582.0,5,41,1,543,13,0,0,1,1,1
1784,72282.0,7,72,0,949,13,1,0,0,0,0
1785,50387.0,5,67,2,465,11,1,0,0,1,0
1786,32583.0,7,62,2,8,2,0,1,0,1,0
1787,62568.0,4,61,1,777,11,1,0,0,1,0
1788,44635.0,7,52,2,65,4,0,1,0,0,0
1789,33316.0,6,52,2,111,6,0,1,0,0,0
1790,63967.0,2,55,1,612,11,1,0,0,1,0
1791,52513.0,7,45,0,625,16,0,0,1,1,1
1792,25293.0,8,54,1,26,3,1,0,0,1,0
1793,54111.0,5,58,1,327,9,0,1,0,0,0
1794,78394.0,2,37,0,1022,11,1,0,0,1,0
1795,80739.0,1,65,0,1502,15,0,1,0,1,0
1796,22669.0,9,48,1,66,8,0,1,0,1,0
1797,29236.0,9,36,1,65,6,1,0,0,0,0
1798,44911.0,7,64,1,181,8,1,0,0,1,0
1799,54693.0,6,61,1,845,18,0,1,0,1,0
1800,48186.0,7,49,1,166,8,1,0,0,1,0
1801,54809.0,4,46,2,126,7,1,0,0,1,0
1802,41580.0,5,45,2,85,6,1,0,0,1,0
1803,80336.0,1,53,0,684,12,0,1,0,1,0
1804,47743.0,6,66,1,243,8,1,0,0,1,0
1805,62972.0,6,68,1,375,13,0,0,1,1,1
1806,57333.0,6,69,1,1352,24,0,1,0,0,0
1807,32313.0,9,41,1,146,7,0,1,0,1,0
1808,84953.0,2,70,0,817,14,0,1,0,0,0
1809,27071.0,6,55,1,30,4,0,1,0,0,0
1810,68148.0,2,66,0,863,9,0,1,0,1,0
1811,65735.0,7,58,2,365,13,0,1,0,1,0
1812,86836.0,5,48,0,473,17,0,1,0,1,0
1813,30093.0,7,33,0,36,3,1,0,0,1,0
1814,57705.0,6,57,1,436,12,0,1,0,1,0
1815,25008.0,8,35,1,18,3,1,0,0,0,0
1816,83257.0,6,28,0,1153,16,0,0,1,0,1
1817,22280.0,8,48,1,7,2,1,0,0,1,0
1818,72159.0,2,45,0,1274,11,0,1,0,1,0
1819,64260.0,3,62,0,1524,10,1,0,0,1,0
1820,82733.0,4,39,0,1182,13,0,1,0,0,0
1821,74290.0,6,52,1,1193,22,0,1,0,0,0
1822,58217.0,6,72,3,82,3,0,1,0,0,0
1823,21024.0,7,47,0,58,3,0,1,0,1,0
1824,70116.0,1,51,0,1354,11,0,1,0,1,0
1825,54006.0,7,38,1,454,11,1,0,0,1,0
1826,69063.0,3,57,1,825,9,0,1,0,1,0
1827,11448.0,6,48,0,0,2,0,0,1,0,1
1828,61825.0,4,44,1,312,7,1,0,0,0,0
1829,70886.0,2,52,1,716,10,1,0,0,1,0
1830,69109.0,4,41,0,1307,13,1,0,0,1,0
1831,60208.0,7,50,2,582,22,1,0,0,0,0
1832,32889.0,5,55,2,41,6,0,1,0,1,0
1833,34738.0,6,39,1,15,2,1,0,0,0,0
1834,30538.0,10,52,1,336,13,0,1,0,1,0
1835,82326.0,2,46,0,1834,16,0,0,1,1,1
1836,26642.0,6,56,1,30,4,0,1,0,0,0
1837,69932.0,4,59,1,737,15,1,0,0,0,0
1838,44503.0,6,51,2,40,4,1,0,0,0,0
1839,60200.0,6,75,1,653,14,0,1,0,0,0
1840,49638.0,2,71,1,31,2,1,0,0,0,0
1841,23830.0,7,36,0,15,2,0,0,1,0,1
1842,33051.0,9,64,0,414,13,0,1,0,0,0
1843,72905.0,1,65,0,966,11,1,0,0,1,0
1844,69702.0,4,72,1,913,16,0,1,0,1,0
1845,70300.0,8,48,1,1444,13,1,0,0,0,0
1846,70643.0,6,39,0,1629,14,0,1,0,1,0
1847,30396.0,7,54,1,21,4,0,1,0,1,0
1848,50616.0,7,55,1,144,6,0,1,0,0,0
1849,62772.0,2,54,1,787,12,0,1,0,0,0
1850,30298.0,3,38,0,21,3,0,1,0,0,0
1851,52413.0,7,39,1,326,10,1,0,0,0,0
1852,44155.0,4,66,2,32,3,0,1,0,1,0
1853,86979.0,2,52,0,1519,11,0,1,0,0,0
1854,76532.0,5,48,2,562,18,1,0,0,1,0
1855,42081.0,6,41,1,295,11,1,0,0,1,0
1856,67546.0,3,35,0,1766,15,0,1,0,1,0
1857,88420.0,1,34,0,1722,12,0,1,0,1,0
1858,31158.0,8,38,1,47,4,1,0,0,1,0
1859,61671.0,8,55,1,704,22,1,0,0,0,0
1860,69719.0,1,49,0,567,6,1,0,0,0,0
1861,49160.0,6,74,1,186,6,1,0,0,0,0
1862,24882.0,6,45,1,15,3,0,0,1,1,1
1863,90933.0,1,69,0,1481,11,0,1,0,0,0
1864,59292.0,3,73,1,460,10,0,1,0,1,0
1865,45759.0,7,59,2,61,4,0,1,0,1,0
1866,22148.0,7,40,0,34,2,1,0,0,0,0
1867,73395.0,2,36,0,359,9,0,1,0,1,0
1868,29819.0,6,52,1,34,6,1,0,0,0,0
1869,45688.0,4,55,1,297,6,1,0,0,1,0
1870,62820.0,1,69,0,724,8,1,0,0,1,0
1871,60491.0,5,52,1,921,21,0,1,0,1,0
1872,33235.0,7,37,1,61,4,1,0,0,1,0
1873,35701.0,6,64,0,31,2,1,0,0,1,0
1874,31535.0,7,43,1,32,3,0,1,0,1,0
1875,92556.0,0,63,0,1028,8,0,0,1,1,1
1876,67384.0,5,53,1,1172,17,1,0,0,0,0
1877,80573.0,2,52,0,1397,11,0,1,0,1,0
1878,77870.0,8,56,1,1567,13,1,0,0,1,0
1879,52278.0,8,60,1,1024,21,0,1,0,0,0
1880,57107.0,8,55,1,279,15,1,0,0,0,0
1881,18929.0,6,33,0,40,2,1,0,0,1,0
1882,36038.0,6,42,1,38,5,0,1,0,0,0
1883,20180.0,7,47,0,84,4,1,0,0,0,0
1884,34230.0,7,58,2,19,2,0,1,0,1,0
1885,31878.0,3,46,1,32,2,0,0,1,0,1
1886,70932.0,3,51,1,493,10,0,0,1,1,1
1887,91249.0,4,67,0,1470,16,1,0,0,0,0
1888,77598.0,3,80,0,1507,13,0,1,0,0,0
1889,80982.0,5,64,2,1043,19,1,0,0,0,0
1890,22701.0,5,46,1,15,2,0,1,0,1,0
1891,55212.0,8,54,1,1148,9,0,1,0,1,0
1892,70617.0,2,53,0,1167,7,1,0,0,1,0
1893,64849.0,5,66,0,1050,13,1,0,0,0,0
1894,62694.0,7,58,2,542,17,0,1,0,1,0
1895,61917.0,5,49,2,86,3,0,1,0,1,0
1896,67472.0,3,76,1,320,8,0,1,0,1,0
1897,21059.0,6,41,1,30,6,0,1,0,1,0
1898,29543.0,7,55,2,38,6,0,1,0,1,0
1899,75903.0,3,72,1,633,14,1,0,0,1,0
1900,34984.0,7,48,2,27,3,0,0,1,1,1
1901,54998.0,4,67,1,378,11,0,1,0,0,0
1902,54356.0,8,74,1,755,16,0,1,0,0,0
1903,34242.0,5,64,1,14,1,0,1,0,1,0
1904,25410.0,4,50,1,8,2,1,0,0,1,0
1905,73356.0,2,39,0,1386,17,0,1,0,1,0
1906,28320.0,8,73,1,34,2,1,0,0,1,0
1907,23763.0,7,46,1,28,2,1,0,0,0,0
1908,72570.0,1,39,0,573,11,1,0,0,1,0
1909,34529.0,7,47,1,112,6,0,1,0,1,0
1910,70792.0,3,72,0,1043,9,1,0,0,0,0
1911,63211.0,2,41,0,797,13,1,0,0,1,0
1912,83891.0,1,49,1,605,12,0,1,0,1,0
1913,36065.0,8,55,2,59,6,1,0,0,0,0
1914,39898.0,7,69,1,103,5,1,0,0,1,0
1915,51141.0,5,83,0,151,5,0,1,0,0,0
1916,56939.0,3,47,1,393,8,1,0,0,1,0
1917,80872.0,1,72,0,1122,9,1,0,0,0,0
1918,72335.0,8,47,0,2043,15,0,1,0,1,0
1919,61798.0,4,59,0,431,7,0,1,0,0,0
1920,76842.0,0,73,0,960,10,0,1,0,0,0
1921,29478.0,6,47,1,15,2,1,0,0,1,0
1922,46998.0,7,67,1,299,13,1,0,0,0,0
1923,96843.0,2,33,0,1470,18,1,0,0,0,0
1924,56551.0,4,73,2,103,6,0,1,0,0,0
1925,70053.0,5,58,1,663,16,0,1,0,1,0
1926,71670.0,6,61,0,1606,9,0,1,0,0,0
1927,44359.0,3,45,2,34,5,1,0,0,1,0
1928,40887.0,9,71,2,98,7,1,0,0,0,0
1929,48877.0,7,57,1,118,4,1,0,0,0,0
1930,74485.0,3,76,0,1463,14,1,0,0,1,0
1931,64474.0,5,51,1,588,12,1,0,0,1,0
1932,77226.0,3,60,1,913,16,1,0,0,1,0
1933,72643.0,2,74,0,1159,14,1,0,0,0,0
1934,85738.0,1,45,0,1315,10,0,1,0,1,0
1935,55686.0,4,57,1,872,11,1,0,0,0,0
1936,39062.0,4,40,1,32,2,1,0,0,0,0
1937,34600.0,8,52,2,292,12,1,0,0,1,0
1938,40794.0,7,48,1,357,11,1,0,0,1,0
1939,54690.0,3,52,2,164,7,0,0,1,1,1
1940,32632.0,5,60,0,351,10,0,0,1,1,1
1941,38236.0,7,55,2,76,7,0,1,0,0,0
1942,36781.0,8,44,1,47,4,1,0,0,1,0
1943,31385.0,8,39,1,17,2,0,1,0,0,0
1944,24570.0,9,39,1,124,7,1,0,0,1,0
1945,25509.0,9,49,1,73,6,0,1,0,0,0
1946,94642.0,1,72,0,1819,12,1,0,0,1,0
1947,58646.0,4,61,1,107,4,0,1,0,1,0
1948,53201.0,7,48,2,368,17,1,0,0,0,0
1949,21994.0,5,66,1,15,1,1,0,0,1,0
1950,57113.0,7,45,2,219,11,1,0,0,1,0
1951,51373.0,4,32,0,186,9,1,0,0,1,0
1952,23477.0,8,37,1,107,6,1,0,0,1,0
1953,58116.0,2,67,1,377,8,1,0,0,1,0
1954,72968.0,3,60,0,1721,11,0,1,0,0,0
1955,39791.0,7,52,1,127,6,0,1,0,1,0
1956,91712.0,3,76,0,2046,16,0,1,0,0,0
1957,94472.0,5,65,1,1467,11,1,0,0,0,0
1958,13672.0,8,63,2,17,3,1,0,0,1,0
1959,96547.0,2,43,0,594,13,0,0,1,1,1
1960,79205.0,4,48,0,644,12,1,0,0,1,0
1961,56559.0,4,48,1,381,10,0,1,0,1,0
1962,32644.0,8,50,1,383,12,0,1,0,1,0
1963,67506.0,3,43,1,195,6,0,0,1,0,1
1964,24206.0,6,53,1,17,2,1,0,0,0,0
1965,28420.0,6,56,1,11,2,0,1,0,0,0
1966,22979.0,8,53,1,52,8,1,0,0,1,0
1967,33279.0,3,57,0,16,1,1,0,0,0,0
1968,46423.0,7,51,2,84,5,0,1,0,0,0
1969,30368.0,8,46,1,48,4,1,0,0,1,0
1970,63684.0,5,53,1,1083,15,1,0,0,1,0
1971,41638.0,8,59,1,346,14,1,0,0,0,0
1972,68805.0,2,64,1,233,5,0,1,0,0,0
1973,65814.0,5,57,1,688,13,0,1,0,1,0
1974,71964.0,3,65,0,1570,12,1,0,0,0,0
1975,39146.0,8,37,1,128,7,1,0,0,0,0
1976,96876.0,2,46,0,1686,15,1,0,0,1,0
1977,34445.0,9,42,0,472,19,0,0,1,1,1
1978,68281.0,5,65,0,1524,12,1,0,0,0,0
1979,37284.0,6,48,2,14,1,0,0,1,1,1
1980,36790.0,9,40,0,20,4,1,0,0,1,0
1981,27943.0,8,56,2,29,5,1,0,0,1,0
1982,22263.0,6,72,2,19,3,1,0,0,0,0
1983,30261.0,8,51,3,13,1,1,0,0,1,0
1984,28587.0,6,45,1,43,5,1,0,0,1,0
1985,43815.0,6,41,1,53,3,0,1,0,1,0
1986,48195.0,6,67,2,201,12,1,0,0,1,0
1987,77027.0,4,71,1,1119,13,0,1,0,1,0
1988,71322.0,4,58,1,1022,15,0,1,0,1,0
1989,32765.0,5,44,1,33,4,0,1,0,1,0
1990,29672.0,6,58,2,13,1,1,0,0,1,0
1991,23272.0,4,70,0,28,2,1,0,0,0,0
1992,49912.0,8,74,1,751,19,0,1,0,1,0
1993,7500.0,9,38,1,39,7,0,0,1,1,1
1994,68117.0,6,76,1,877,21,0,1,0,0,0
1995,67225.0,5,68,1,672,12,1,0,0,1,0
1996,17649.0,8,47,1,39,6,1,0,0,1,0
1997,55914.0,7,48,1,808,21,1,0,0,1,0
1998,40059.0,8,39,1,231,9,1,0,0,1,0
1999,60905.0,2,73,1,301,8,1,0,0,1,0
2000,75330.0,6,46,2,894,17,1,0,0,1,0
2001,60689.0,3,72,1,546,12,1,0,0,0,0
2002,38680.0,7,39,1,47,3,1,0,0,1,0
2003,61416.0,6,41,0,1325,14,1,0,0,1,0
2004,49767.0,4,32,0,446,10,1,0,0,0,0
2005,83273.0,7,53,3,1172,20,1,0,0,0,0
2006,29009.0,6,42,1,27,4,1,0,0,1,0
2007,45057.0,5,44,1,44,3,0,1,0,1,0
2008,37150.0,7,52,1,268,15,1,0,0,1,0
2009,43020.0,6,53,1,151,8,1,0,0,0,0
2010,53154.0,4,64,1,150,5,1,0,0,1,0
2011,65308.0,4,50,0,977,16,1,0,0,1,0
2012,76467.0,6,53,1,1263,9,1,0,0,0,0
2013,81044.0,1,76,0,1011,12,0,0,1,1,1
2014,32871.0,4,72,2,36,2,1,0,0,1,0
2015,55801.0,7,48,2,422,15,1,0,0,0,0
2016,76320.0,2,64,1,775,11,1,0,0,0,0
2017,36927.0,8,68,2,67,5,0,1,0,0,0
2018,48794.0,4,70,2,36,2,1,0,0,1,0
2019,23478.0,8,58,0,61,4,1,0,0,0,0
2020,71128.0,7,50,1,1564,15,1,0,0,0,0
2021,70179.0,5,47,1,788,13,0,1,0,0,0
2022,59462.0,7,73,1,884,13,1,0,0,1,0
2023,38361.0,7,54,1,95,7,1,0,0,1,0
2024,70038.0,2,41,0,989,9,0,1,0,1,0
2025,42554.0,4,45,2,41,4,1,0,0,1,0
2026,67445.0,6,49,1,1054,20,1,0,0,1,0
2027,67046.0,2,72,1,712,11,1,0,0,0,0
2028,42192.0,4,75,0,70,4,1,0,0,1,0
2029,77610.0,7,71,1,1610,13,0,1,0,1,0
2030,31761.0,5,39,1,40,5,1,0,0,1,0
2031,34350.0,7,44,1,34,2,1,0,0,1,0
2032,54591.0,5,74,1,474,11,1,0,0,1,0
2033,71866.0,3,67,1,540,10,1,0,0,1,0
2034,25293.0,8,54,1,26,3,1,0,0,1,0
2035,42000.0,5,36,0,474,9,0,1,0,0,0
2036,69520.0,5,40,0,1161,16,1,0,0,1,0
2037,64713.0,4,53,1,481,12,1,0,0,0,0
2038,27889.0,6,46,1,18,3,0,1,0,1,0
2039,22123.0,5,63,0,30,4,0,0,1,0,1
2040,27803.0,8,50,1,80,5,1,0,0,1,0
2041,51651.0,8,63,1,322,12,1,0,0,1,0
2042,68487.0,4,35,0,1155,17,1,0,0,1,0
2043,56796.0,7,54,1,855,20,1,0,0,1,0
2044,87000.0,2,31,0,828,11,0,0,1,1,1
2045,79823.0,2,64,1,1288,16,1,0,0,1,0
2046,30828.0,3,43,1,42,4,1,0,0,0,0
2047,34109.0,4,52,1,15,1,0,1,0,1,0
2048,53367.0,7,49,2,376,13,0,1,0,0,0
2049,22390.0,7,54,0,5,2,0,0,1,1,1
2050,71322.0,2,47,1,269,6,1,0,0,1,0
2051,79244.0,1,30,0,698,15,1,0,0,0,0
2052,49912.0,8,74,1,751,19,0,1,0,1,0
2053,48699.0,5,73,2,37,2,0,1,0,1,0
2054,80144.0,1,48,0,817,11,1,0,0,1,0
2055,54252.0,6,67,2,208,10,1,0,0,0,0
2056,81929.0,6,47,1,1819,10,0,1,0,1,0
2057,76068.0,6,48,1,1255,6,1,0,0,1,0
2058,53204.0,4,47,2,37,2,0,1,0,1,0
2059,67911.0,3,74,1,885,16,0,1,0,1,0
2060,14796.0,9,39,1,24,3,0,0,1,1,1
2061,78128.0,3,49,1,1188,14,0,1,0,1,0
2062,14188.0,6,51,0,20,3,0,0,1,1,1
2063,20425.0,7,37,1,21,4,0,0,1,1,1
2064,58646.0,4,61,1,107,4,0,1,0,1,0
2065,72967.0,5,53,1,372,11,1,0,0,0,0
2066,48150.0,7,74,1,214,9,0,1,0,1,0
2067,82332.0,2,62,0,1857,9,1,0,0,0,0
2068,58275.0,7,68,2,452,16,1,0,0,0,0
2069,44953.0,6,42,0,878,11,0,1,0,1,0
2070,34587.0,4,70,2,18,3,1,0,0,1,0
2071,43018.0,5,49,1,56,5,0,1,0,1,0
2072,45736.0,7,69,1,371,13,0,1,0,1,0
2073,66476.0,4,54,1,922,16,0,1,0,1,0
2074,27733.0,7,42,1,12,4,0,0,1,1,1
2075,69805.0,2,71,1,995,16,0,1,0,1,0
2076,72217.0,2,61,0,1308,14,0,1,0,0,0
2077,25818.0,7,52,1,15,2,1,0,0,0,0
2078,37509.0,7,47,1,98,5,0,1,0,1,0
2079,25176.0,7,47,2,8,2,0,0,1,1,1
2080,43586.0,8,43,1,112,6,1,0,0,1,0
2081,53230.0,5,67,1,346,11,0,0,1,1,1
2082,50116.0,5,66,2,64,3,1,0,0,1,0
2083,84906.0,2,51,0,1426,12,1,0,0,1,0
2084,61286.0,5,57,1,463,10,1,0,0,1,0
2085,82333.0,2,37,0,1670,8,0,1,0,1,0
2086,65220.0,6,58,0,1245,16,0,1,0,1,0
2087,33590.0,7,49,3,6,2,1,0,0,1,0
2088,30992.0,7,47,1,31,2,1,0,0,0,0
2089,72309.0,3,47,0,1843,12,0,1,0,0,0
2090,16005.0,8,43,1,6,6,0,0,1,1,1
2091,65487.0,2,66,0,807,11,0,1,0,0,0
2092,58692.0,7,58,1,373,11,1,0,0,1,0
2093,40590.0,6,54,2,204,12,1,0,0,0,0
2094,20587.0,7,53,1,11,3,1,0,0,0,0
2095,62637.0,2,69,1,164,5,0,1,0,0,0
2096,29435.0,9,57,2,110,9,0,1,0,0,0
2097,19346.0,8,49,1,11,2,1,0,0,0,0
2098,35788.0,6,52,2,36,4,1,0,0,1,0
2099,36997.0,5,55,2,59,8,1,0,0,0,0
2100,23539.0,6,66,0,39,3,1,0,0,1,0
2101,65333.0,6,50,1,753,20,1,0,0,0,0
2102,78499.0,4,66,0,1154,15,1,0,0,0,0
2103,29732.0,9,52,1,33,3,0,1,0,1,0
2104,41275.0,5,63,3,50,8,0,1,0,1,0
2105,63516.0,5,50,2,266,9,0,1,0,1,0
2106,42769.0,4,61,1,84,4,0,1,0,1,0
2107,49572.0,7,65,2,52,4,0,1,0,1,0
2108,69209.0,4,51,0,1377,10,1,0,0,1,0
2109,17148.0,8,47,1,29,8,1,0,0,1,0
2110,40590.0,6,54,2,204,12,1,0,0,0,0
2111,30560.0,7,47,1,15,2,0,1,0,1,0
2112,32146.0,6,40,1,52,4,0,0,1,1,1
2113,41713.0,6,59,2,129,9,0,0,1,0,1
2114,34176.0,3,48,1,20,2,0,1,0,1,0
2115,58482.0,6,68,1,698,13,0,1,0,1,0
2116,59686.0,4,58,1,193,6,1,0,0,0,0
2117,60896.0,6,59,1,1442,22,0,1,0,1,0
2118,62994.0,6,43,1,284,9,1,0,0,1,0
2119,47320.0,6,66,1,330,12,1,0,0,1,0
2120,74859.0,3,74,0,1257,12,0,0,1,0,1
2121,15253.0,7,31,1,7,3,0,0,1,0,1
2122,31560.0,8,49,1,83,5,0,1,0,0,0
2123,72071.0,2,69,1,900,12,1,0,0,0,0
2124,91172.0,3,33,0,1008,7,0,1,0,0,0
2125,90000.0,1,39,0,952,13,1,0,0,1,0
2126,41967.0,4,42,2,37,2,1,0,0,0,0
2127,69263.0,6,58,1,529,11,1,0,0,0,0
2128,65706.0,7,53,0,1057,15,0,0,1,0,1
2129,60934.0,4,48,1,534,12,1,0,0,1,0
2130,71965.0,3,72,1,877,12,1,0,0,1,0
2131,65210.0,6,68,1,696,14,1,0,0,1,0
2132,79174.0,2,48,0,1629,12,0,1,0,1,0
2133,81380.0,2,56,0,1498,7,0,1,0,0,0
2134,48432.0,8,50,1,375,13,0,1,0,0,0
2135,52914.0,7,52,1,308,12,1,0,0,1,0
2136,38946.0,5,68,1,204,6,1,0,0,1,0
2137,26067.0,8,49,1,42,6,1,0,0,1,0
2138,44325.0,8,51,1,537,14,0,1,0,1,0
2139,42523.0,2,59,0,61,3,1,0,0,1,0
2140,26487.0,5,45,1,20,6,0,0,1,0,1
2141,53233.0,4,66,1,37,2,0,0,1,1,1
2142,67716.0,5,63,1,889,15,1,0,0,1,0
2143,76234.0,3,51,1,736,12,0,1,0,1,0
2144,84117.0,2,67,0,1436,18,0,1,0,1,0
2145,65487.0,2,66,0,807,11,0,1,0,1,0
2146,25224.0,3,51,1,25,4,0,0,1,1,1
2147,89616.0,2,40,0,1373,13,0,1,0,0,0
2148,40851.0,7,52,2,31,3,1,0,0,0,0
2149,27469.0,6,76,0,12,1,1,0,0,1,0
2150,82347.0,3,66,0,1455,15,0,0,1,1,1
2151,73803.0,6,66,1,1276,16,1,0,0,1,0
2152,8820.0,8,71,2,25,7,0,1,0,0,0
2153,43322.0,7,49,0,111,4,1,0,0,0,0
2154,55593.0,6,50,1,425,14,1,0,0,1,0
2155,50501.0,6,69,2,335,16,1,0,0,1,0
2156,37085.0,8,48,2,56,7,1,0,0,1,0
2157,16185.0,8,33,1,32,6,0,0,1,0,1
2158,57731.0,6,54,1,587,20,1,0,0,0,0
2159,48432.0,8,50,1,375,13,0,1,0,0,0
2160,73807.0,2,45,1,646,12,1,0,0,1,0
2161,18929.0,6,33,0,40,2,1,0,0,1,0
2162,35893.0,8,55,2,181,10,1,0,0,0,0
2163,61014.0,7,43,1,893,16,1,0,0,1,0
2164,32144.0,7,69,2,51,7,1,0,0,1,0
2165,14918.0,6,60,1,9,2,0,0,1,1,1
2166,45146.0,4,60,2,38,4,1,0,0,0,0
2167,41769.0,8,68,1,462,15,0,0,1,0,1
2168,88325.0,2,42,0,1450,9,1,0,0,1,0
2169,38054.0,7,73,2,42,4,0,1,0,0,0
2170,80617.0,2,28,0,1276,11,0,0,1,0,1
2171,5305.0,13,47,1,23,1,1,0,0,1,0
2172,36807.0,6,69,2,11,2,1,0,0,1,0
2173,28427.0,8,40,1,40,4,1,0,0,1,0
2174,82032.0,1,75,0,903,10,0,1,0,0,0
2175,22775.0,8,45,1,14,2,1,0,0,1,0
2176,40101.0,7,38,1,303,11,0,1,0,1,0
2177,58025.0,4,44,1,389,8,1,0,0,1,0
2178,75777.0,1,41,0,1276,10,0,1,0,0,0
2179,7500.0,7,44,1,21,9,0,0,1,1,1
2180,33562.0,4,60,3,45,5,0,1,0,1,0
2181,57642.0,4,53,1,644,16,0,1,0,0,0
2182,58554.0,7,55,2,460,16,1,0,0,1,0
2183,63777.0,8,44,2,568,20,1,0,0,1,0
2184,57967.0,5,61,1,373,11,1,0,0,0,0
2185,24434.0,7,51,2,13,5,1,0,0,1,0
2186,11012.0,9,39,1,53,7,1,0,0,0,0
2187,44802.0,8,53,0,1006,15,0,1,0,0,0
2188,26816.0,4,37,0,12,1,1,0,0,0,0
2189,34421.0,7,49,1,13,2,1,0,0,1,0
2190,61223.0,5,56,1,934,14,1,0,0,1,0
2191,64014.0,7,77,3,436,17,0,1,0,1,0
2192,56981.0,6,42,0,1173,6,1,0,0,0,0
2193,69245.0,3,67,1,672,13,0,1,0,1,0
2194,52869.0,7,69,2,148,7,0,1,0,1,0
